"Date","Close"
1984-01-03,997.5
1984-01-04,998.599975585938
1984-01-05,1015.79998779297
1984-01-06,1029
1984-01-09,1034.59997558594
1984-01-10,1034.30004882812
1984-01-11,1023.40002441406
1984-01-12,1031.30004882812
1984-01-13,1042.69995117188
1984-01-16,1046
1984-01-17,1041.90002441406
1984-01-18,1058.69995117188
1984-01-19,1057.80004882812
1984-01-20,1059
1984-01-23,1046.80004882812
1984-01-24,1055.19995117188
1984-01-25,1073.5
1984-01-26,1072.09997558594
1984-01-27,1075.90002441406
1984-01-30,1068.59997558594
1984-01-31,1063
1984-02-01,1060.30004882812
1984-02-02,1050.80004882812
1984-02-03,1059.80004882812
1984-02-06,1038.19995117188
1984-02-07,1021.70001220703
1984-02-08,1029.69995117188
1984-02-09,1016.90002441406
1984-02-10,1018
1984-02-13,1018.29998779297
1984-02-14,1027
1984-02-15,1033
1984-02-16,1035
1984-02-17,1039
1984-02-20,1035.40002441406
1984-02-21,1044.40002441406
1984-02-22,1043
1984-02-23,1031.69995117188
1984-02-24,1036.90002441406
1984-02-27,1041.30004882812
1984-02-28,1039.19995117188
1984-02-29,1040.30004882812
1984-03-01,1046.09997558594
1984-03-02,1060.69995117188
1984-03-05,1053.69995117188
1984-03-06,1064.5
1984-03-07,1055.59997558594
1984-03-08,1055.80004882812
1984-03-09,1060.09997558594
1984-03-12,1063.59997558594
1984-03-13,1082.5
1984-03-14,1087.69995117188
1984-03-15,1101.09997558594
1984-03-16,1128.5
1984-03-19,1109.69995117188
1984-03-20,1123.30004882812
1984-03-21,1130.69995117188
1984-03-22,1117.19995117188
1984-03-23,1121.30004882812
1984-03-26,1119.69995117188
1984-03-27,1101.90002441406
1984-03-28,1103.59997558594
1984-03-29,1113.59997558594
1984-03-30,1112.5
1984-04-02,1108.09997558594
1984-04-03,1095.40002441406
1984-04-04,1093.59997558594
1984-04-05,1102.19995117188
1984-04-06,1096.30004882812
1984-04-09,1096.69995117188
1984-04-10,1105.40002441406
1984-04-11,1110.59997558594
1984-04-12,1117
1984-04-13,1129.09997558594
1984-04-16,1105.90002441406
1984-04-17,1110.19995117188
1984-04-18,1116.19995117188
1984-04-19,1108.40002441406
1984-04-20,NA
1984-04-23,NA
1984-04-24,1105.40002441406
1984-04-25,1119.80004882812
1984-04-26,1130.90002441406
1984-04-27,1138.19995117188
1984-04-30,1138.30004882812
1984-05-01,1136.80004882812
1984-05-02,1140.09997558594
1984-05-03,1141.5
1984-05-04,1134
1984-05-07,NA
1984-05-08,1117.59997558594
1984-05-09,1109.90002441406
1984-05-10,1094.40002441406
1984-05-11,1078.69995117188
1984-05-14,1082.40002441406
1984-05-15,1094.59997558594
1984-05-16,1104.5
1984-05-17,1113
1984-05-18,1104.90002441406
1984-05-21,1108.69995117188
1984-05-22,1084.59997558594
1984-05-23,1075.40002441406
1984-05-24,1051.59997558594
1984-05-25,1055.5
1984-05-28,NA
1984-05-29,1056.09997558594
1984-05-30,1026.59997558594
1984-05-31,1021
1984-06-01,1055.80004882812
1984-06-04,1078
1984-06-05,1077.80004882812
1984-06-06,1087.90002441406
1984-06-07,1072
1984-06-08,1068.59997558594
1984-06-11,1075.90002441406
1984-06-12,1067.09997558594
1984-06-13,1064.69995117188
1984-06-14,1043.80004882812
1984-06-15,1040.09997558594
1984-06-18,1042.59997558594
1984-06-19,1056
1984-06-20,1035.59997558594
1984-06-21,1041.59997558594
1984-06-22,1033.09997558594
1984-06-25,1033.09997558594
1984-06-26,1024.30004882812
1984-06-27,1038.30004882812
1984-06-28,1029.30004882812
1984-06-29,1041.40002441406
1984-07-02,1047.59997558594
1984-07-03,1050.19995117188
1984-07-04,1063.30004882812
1984-07-05,1062.40002441406
1984-07-06,1042.30004882812
1984-07-09,1033.5
1984-07-10,1014.40002441406
1984-07-11,1001.70001220703
1984-07-12,991.400024414062
1984-07-13,995.799987792969
1984-07-16,1003
1984-07-17,1007.79998779297
1984-07-18,1009
1984-07-19,1003
1984-07-20,1009.79998779297
1984-07-23,986.900024414062
1984-07-24,989.599975585938
1984-07-25,996.200012207031
1984-07-26,999.099975585938
1984-07-27,995.599975585938
1984-07-30,996.5
1984-07-31,1010.09997558594
1984-08-01,1018.09997558594
1984-08-02,1039.09997558594
1984-08-03,1065
1984-08-06,1061.40002441406
1984-08-07,1068.69995117188
1984-08-08,1080.69995117188
1984-08-09,1070.40002441406
1984-08-10,1095.69995117188
1984-08-13,1084.09997558594
1984-08-14,1091.80004882812
1984-08-15,1082.90002441406
1984-08-16,1075.59997558594
1984-08-17,1078
1984-08-20,1074.40002441406
1984-08-21,1082.40002441406
1984-08-22,1090.19995117188
1984-08-23,1081.09997558594
1984-08-24,1087.19995117188
1984-08-27,NA
1984-08-28,1082.30004882812
1984-08-29,1096
1984-08-30,1101.90002441406
1984-08-31,1103.90002441406
1984-09-03,1105.30004882812
1984-09-04,1083.69995117188
1984-09-05,1082.59997558594
1984-09-06,1095.30004882812
1984-09-07,1099.30004882812
1984-09-10,1091.59997558594
1984-09-11,1103.09997558594
1984-09-12,1103.5
1984-09-13,1105.30004882812
1984-09-14,1109.59997558594
1984-09-17,1110.5
1984-09-18,1109.90002441406
1984-09-19,1125.19995117188
1984-09-20,1129.30004882812
1984-09-21,1127
1984-09-24,1122.09997558594
1984-09-25,1124.90002441406
1984-09-26,1135.5
1984-09-27,1144.09997558594
1984-09-28,1140.30004882812
1984-10-01,1127.69995117188
1984-10-02,1119.19995117188
1984-10-03,1122.09997558594
1984-10-04,1127.5
1984-10-05,1135.19995117188
1984-10-08,1139
1984-10-09,1136.59997558594
1984-10-10,1136.5
1984-10-11,1141.30004882812
1984-10-12,1143.69995117188
1984-10-15,1146
1984-10-16,1124.30004882812
1984-10-17,1099.80004882812
1984-10-18,1088.90002441406
1984-10-19,1111.30004882812
1984-10-22,1115.40002441406
1984-10-23,1128.30004882812
1984-10-24,1125.40002441406
1984-10-25,1130.09997558594
1984-10-26,1130.5
1984-10-29,1136.09997558594
1984-10-30,1145.19995117188
1984-10-31,1151
1984-11-01,1158.40002441406
1984-11-02,1168.59997558594
1984-11-05,1163.09997558594
1984-11-06,1161.40002441406
1984-11-07,1157.30004882812
1984-11-08,1158.30004882812
1984-11-09,1164.19995117188
1984-11-12,1175.09997558594
1984-11-13,1183.69995117188
1984-11-14,1181.5
1984-11-15,1164.90002441406
1984-11-16,1173.5
1984-11-19,1167.40002441406
1984-11-20,1159.09997558594
1984-11-21,1166.80004882812
1984-11-22,1158.19995117188
1984-11-23,1158.80004882812
1984-11-26,1172.30004882812
1984-11-27,1178
1984-11-28,1187.5
1984-11-29,1187.90002441406
1984-11-30,1181.30004882812
1984-12-03,1191.69995117188
1984-12-04,1183.80004882812
1984-12-05,1182.90002441406
1984-12-06,1175.80004882812
1984-12-07,1190.09997558594
1984-12-10,1197.90002441406
1984-12-11,1198.59997558594
1984-12-12,1190.69995117188
1984-12-13,1196.69995117188
1984-12-14,1204.80004882812
1984-12-17,1212.5
1984-12-18,1216.19995117188
1984-12-19,1220.59997558594
1984-12-20,1207.19995117188
1984-12-21,1204.69995117188
1984-12-24,1205.19995117188
1984-12-25,NA
1984-12-26,NA
1984-12-27,1210.90002441406
1984-12-28,1225.59997558594
1984-12-31,1232.19995117188
1985-01-01,NA
1985-01-02,1220
1985-01-03,1206.09997558594
1985-01-04,1214.59997558594
1985-01-07,1229
1985-01-08,1243.5
1985-01-09,1259.19995117188
1985-01-10,1261
1985-01-11,1248.59997558594
1985-01-14,1220.5
1985-01-15,1233.19995117188
1985-01-16,1254.09997558594
1985-01-17,1260.40002441406
1985-01-18,1277.90002441406
1985-01-21,1279
1985-01-22,1305.69995117188
1985-01-23,1283.69995117188
1985-01-24,1274.69995117188
1985-01-25,1288
1985-01-28,1265.80004882812
1985-01-29,1249.30004882812
1985-01-30,1277.30004882812
1985-01-31,1280.80004882812
1985-02-01,1272.59997558594
1985-02-04,1268.19995117188
1985-02-05,1289.09997558594
1985-02-06,1289.5
1985-02-07,1296.30004882812
1985-02-08,1295.30004882812
1985-02-11,1297.5
1985-02-12,1273
1985-02-13,1282
1985-02-14,1289.80004882812
1985-02-15,1281.5
1985-02-18,1268.69995117188
1985-02-19,1275.90002441406
1985-02-20,1275.80004882812
1985-02-21,1279.09997558594
1985-02-22,1268.90002441406
1985-02-25,1259.40002441406
1985-02-26,1259.5
1985-02-27,1258.80004882812
1985-02-28,1259.69995117188
1985-03-01,1250.80004882812
1985-03-04,1265.69995117188
1985-03-05,1274.90002441406
1985-03-06,1285.40002441406
1985-03-07,1285.80004882812
1985-03-08,1288.59997558594
1985-03-11,1290.80004882812
1985-03-12,1300
1985-03-13,1295.19995117188
1985-03-14,1299.69995117188
1985-03-15,1309.90002441406
1985-03-18,1300.30004882812
1985-03-19,1304.5
1985-03-20,1307.19995117188
1985-03-21,1300.69995117188
1985-03-22,1302.90002441406
1985-03-25,1297.80004882812
1985-03-26,1290.40002441406
1985-03-27,1288
1985-03-28,1287.09997558594
1985-03-29,1277
1985-04-01,1278.30004882812
1985-04-02,1286.80004882812
1985-04-03,1274.80004882812
1985-04-04,1278.5
1985-04-05,NA
1985-04-08,NA
1985-04-09,1270.19995117188
1985-04-10,1273.09997558594
1985-04-11,1269.30004882812
1985-04-12,1275.80004882812
1985-04-15,1288.5
1985-04-16,1290.80004882812
1985-04-17,1304
1985-04-18,1305.5
1985-04-19,1299.69995117188
1985-04-22,1294.90002441406
1985-04-23,1284.90002441406
1985-04-24,1285.69995117188
1985-04-25,1289.5
1985-04-26,1295.30004882812
1985-04-29,1292.90002441406
1985-04-30,1291
1985-05-01,1301.5
1985-05-02,1309.09997558594
1985-05-03,1310.90002441406
1985-05-06,NA
1985-05-07,1305.5
1985-05-08,1307.90002441406
1985-05-09,1306.30004882812
1985-05-10,1315.80004882812
1985-05-13,1333
1985-05-14,1326.5
1985-05-15,1342.40002441406
1985-05-16,1344.19995117188
1985-05-17,1327.40002441406
1985-05-20,1330.80004882812
1985-05-21,1334.09997558594
1985-05-22,1333.80004882812
1985-05-23,1325.30004882812
1985-05-24,1313.80004882812
1985-05-27,NA
1985-05-28,1317.40002441406
1985-05-29,1312
1985-05-30,1314.69995117188
1985-05-31,1313
1985-06-03,1324.59997558594
1985-06-04,1336.59997558594
1985-06-05,1335.90002441406
1985-06-06,1322
1985-06-07,1310.59997558594
1985-06-10,1299.59997558594
1985-06-11,1308.09997558594
1985-06-12,1291.40002441406
1985-06-13,1278.90002441406
1985-06-14,1275.5
1985-06-17,1284.40002441406
1985-06-18,1284
1985-06-19,1284.09997558594
1985-06-20,1276.30004882812
1985-06-21,1262
1985-06-24,1266.59997558594
1985-06-25,1248.30004882812
1985-06-26,1236.5
1985-06-27,1234.30004882812
1985-06-28,1234.90002441406
1985-07-01,1246.80004882812
1985-07-02,1250.80004882812
1985-07-03,1239.30004882812
1985-07-04,1249.09997558594
1985-07-05,1260
1985-07-08,1258.19995117188
1985-07-09,1239.59997558594
1985-07-10,1230.40002441406
1985-07-11,1238.40002441406
1985-07-12,1230.80004882812
1985-07-15,1243.59997558594
1985-07-16,1239.5
1985-07-17,1247.30004882812
1985-07-18,1248.59997558594
1985-07-19,1252.5
1985-07-22,1241.09997558594
1985-07-23,1233.09997558594
1985-07-24,1236.19995117188
1985-07-25,1221.69995117188
1985-07-26,1239.69995117188
1985-07-29,1248.90002441406
1985-07-30,1252.30004882812
1985-07-31,1261.69995117188
1985-08-01,1287.19995117188
1985-08-02,1280.40002441406
1985-08-05,1271.80004882812
1985-08-06,1287.5
1985-08-07,1286.59997558594
1985-08-08,1286
1985-08-09,1286.30004882812
1985-08-12,1288.09997558594
1985-08-13,1285.09997558594
1985-08-14,1293.09997558594
1985-08-15,1302.19995117188
1985-08-16,1299.09997558594
1985-08-19,1294.90002441406
1985-08-20,1307.09997558594
1985-08-21,1313.90002441406
1985-08-22,1309.69995117188
1985-08-23,1313.5
1985-08-26,NA
1985-08-27,1310.80004882812
1985-08-28,1308.19995117188
1985-08-29,1323.90002441406
1985-08-30,1340.80004882812
1985-09-02,1340.30004882812
1985-09-03,1335.5
1985-09-04,1326.69995117188
1985-09-05,1322
1985-09-06,1332.19995117188
1985-09-09,1329.30004882812
1985-09-10,1311.40002441406
1985-09-11,1302.19995117188
1985-09-12,1313.30004882812
1985-09-13,1308.80004882812
1985-09-16,1300.19995117188
1985-09-17,1296
1985-09-18,1294.80004882812
1985-09-19,1306.80004882812
1985-09-20,1298.69995117188
1985-09-23,1292.09997558594
1985-09-24,1280.09997558594
1985-09-25,1275.19995117188
1985-09-26,1270.80004882812
1985-09-27,1280.69995117188
1985-09-30,1290
1985-10-01,1296
1985-10-02,1305.40002441406
1985-10-03,1305.30004882812
1985-10-04,1313
1985-10-07,1306.90002441406
1985-10-08,1303.30004882812
1985-10-09,1308.09997558594
1985-10-10,1314.09997558594
1985-10-11,1322.30004882812
1985-10-14,1321.09997558594
1985-10-15,1320.90002441406
1985-10-16,1326.19995117188
1985-10-17,1335.69995117188
1985-10-18,1341.19995117188
1985-10-21,1340.30004882812
1985-10-22,1331.5
1985-10-23,1346.40002441406
1985-10-24,1349.59997558594
1985-10-25,1347.59997558594
1985-10-28,1347.80004882812
1985-10-29,1364.40002441406
1985-10-30,1373.80004882812
1985-10-31,1377.19995117188
1985-11-01,1379
1985-11-04,1380.90002441406
1985-11-05,1383.69995117188
1985-11-06,1395
1985-11-07,1384.80004882812
1985-11-08,1390.09997558594
1985-11-11,1375.5
1985-11-12,1381.59997558594
1985-11-13,1396.90002441406
1985-11-14,1391.69995117188
1985-11-15,1403.90002441406
1985-11-18,1405.09997558594
1985-11-19,1412.09997558594
1985-11-20,1424.30004882812
1985-11-21,1443.09997558594
1985-11-22,1451
1985-11-25,1455.5
1985-11-26,1431.90002441406
1985-11-27,1438
1985-11-28,1429.30004882812
1985-11-29,1439.09997558594
1985-12-02,1418.5
1985-12-03,1415.59997558594
1985-12-04,1399.59997558594
1985-12-05,1395.30004882812
1985-12-06,1401.90002441406
1985-12-09,1392.19995117188
1985-12-10,1389.5
1985-12-11,1377.40002441406
1985-12-12,1378.5
1985-12-13,1381.40002441406
1985-12-16,1376.5
1985-12-17,1365.40002441406
1985-12-18,1378.80004882812
1985-12-19,1390.69995117188
1985-12-20,1386.5
1985-12-23,1388.59997558594
1985-12-24,1391.5
1985-12-25,NA
1985-12-26,NA
1985-12-27,1398.90002441406
1985-12-30,1413.59997558594
1985-12-31,1412.59997558594
1986-01-01,NA
1986-01-02,1420.5
1986-01-03,1429.80004882812
1986-01-06,1424.09997558594
1986-01-07,1415.19995117188
1986-01-08,1404.19995117188
1986-01-09,1379.59997558594
1986-01-10,1394.5
1986-01-13,1384.59997558594
1986-01-14,1370.09997558594
1986-01-15,1390.5
1986-01-16,1394.5
1986-01-17,1396
1986-01-20,1378.30004882812
1986-01-21,1378.09997558594
1986-01-22,1390.90002441406
1986-01-23,1382.80004882812
1986-01-24,1392
1986-01-27,1405
1986-01-28,1426.30004882812
1986-01-29,1421
1986-01-30,1429.09997558594
1986-01-31,1435
1986-02-03,1425.09997558594
1986-02-04,1431.59997558594
1986-02-05,1424.09997558594
1986-02-06,1426.90002441406
1986-02-07,1445
1986-02-10,1461.5
1986-02-11,1453.90002441406
1986-02-12,1470
1986-02-13,1473.5
1986-02-14,1477.90002441406
1986-02-17,1475.30004882812
1986-02-18,1491.90002441406
1986-02-19,1491.40002441406
1986-02-20,1492.09997558594
1986-02-21,1518
1986-02-24,1533
1986-02-25,1527.69995117188
1986-02-26,1534.59997558594
1986-02-27,1549.5
1986-02-28,1543.90002441406
1986-03-03,1534.90002441406
1986-03-04,1548.90002441406
1986-03-05,1569.09997558594
1986-03-06,1566.09997558594
1986-03-07,1573.80004882812
1986-03-10,1572.19995117188
1986-03-11,1597.09997558594
1986-03-12,1624.5
1986-03-13,1616.69995117188
1986-03-14,1624.40002441406
1986-03-17,1622.59997558594
1986-03-18,1644.40002441406
1986-03-19,1659.80004882812
1986-03-20,1690.09997558594
1986-03-21,1688.30004882812
1986-03-24,1663.90002441406
1986-03-25,1633.80004882812
1986-03-26,1653.90002441406
1986-03-27,1668.80004882812
1986-03-28,NA
1986-03-31,NA
1986-04-01,1684
1986-04-02,1702.90002441406
1986-04-03,1717.59997558594
1986-04-04,1709.69995117188
1986-04-07,1688.5
1986-04-08,1675.69995117188
1986-04-09,1659
1986-04-10,1690.30004882812
1986-04-11,1694.09997558594
1986-04-14,1683.09997558594
1986-04-15,1654.80004882812
1986-04-16,1662
1986-04-17,1680.90002441406
1986-04-18,1680.19995117188
1986-04-21,1668
1986-04-22,1665.19995117188
1986-04-23,1632.69995117188
1986-04-24,1615.5
1986-04-25,1622.59997558594
1986-04-28,1628.80004882812
1986-04-29,1656.30004882812
1986-04-30,1660.5
1986-05-01,1640.09997558594
1986-05-02,1652.5
1986-05-05,NA
1986-05-06,1636.19995117188
1986-05-07,1610.09997558594
1986-05-08,1602.59997558594
1986-05-09,1601.59997558594
1986-05-12,1603.80004882812
1986-05-13,1623.30004882812
1986-05-14,1594.30004882812
1986-05-15,1575.69995117188
1986-05-16,1564.90002441406
1986-05-19,1573.09997558594
1986-05-20,1585.80004882812
1986-05-21,1591.90002441406
1986-05-22,1598.80004882812
1986-05-23,1617.40002441406
1986-05-26,NA
1986-05-27,1612.09997558594
1986-05-28,1624.80004882812
1986-05-29,1609
1986-05-30,1602.80004882812
1986-06-02,1596.5
1986-06-03,1602.19995117188
1986-06-04,1601.40002441406
1986-06-05,1612.59997558594
1986-06-06,1611.90002441406
1986-06-09,1604.59997558594
1986-06-10,1586.40002441406
1986-06-11,1571.40002441406
1986-06-12,1571.80004882812
1986-06-13,1582.40002441406
1986-06-16,1593.59997558594
1986-06-17,1605.30004882812
1986-06-18,1619
1986-06-19,1629.59997558594
1986-06-20,1637.19995117188
1986-06-23,1622.80004882812
1986-06-24,1624.90002441406
1986-06-25,1629.40002441406
1986-06-26,1637.5
1986-06-27,1639.09997558594
1986-06-30,1649.80004882812
1986-07-01,1660.80004882812
1986-07-02,1656.69995117188
1986-07-03,1656.19995117188
1986-07-04,1649.40002441406
1986-07-07,1631
1986-07-08,1599
1986-07-09,1614.59997558594
1986-07-10,1626.69995117188
1986-07-11,1626.40002441406
1986-07-14,1597.30004882812
1986-07-15,1593
1986-07-16,1597.30004882812
1986-07-17,1609.30004882812
1986-07-18,1584.40002441406
1986-07-21,1560.19995117188
1986-07-22,1559.19995117188
1986-07-23,1572.30004882812
1986-07-24,1547.69995117188
1986-07-25,1545.80004882812
1986-07-28,1549.40002441406
1986-07-29,1556.40002441406
1986-07-30,1566.30004882812
1986-07-31,1558.09997558594
1986-08-01,1561.80004882812
1986-08-04,1545.40002441406
1986-08-05,1561.59997558594
1986-08-06,1540.40002441406
1986-08-07,1529.90002441406
1986-08-08,1526.69995117188
1986-08-11,1542.80004882812
1986-08-12,1558.19995117188
1986-08-13,1581
1986-08-14,1588.19995117188
1986-08-15,1601.90002441406
1986-08-18,1609
1986-08-19,1604.40002441406
1986-08-20,1604.59997558594
1986-08-21,1606.80004882812
1986-08-22,1607.09997558594
1986-08-25,NA
1986-08-26,1616.19995117188
1986-08-27,1629.80004882812
1986-08-28,1636.80004882812
1986-08-29,1661.19995117188
1986-09-01,1672.80004882812
1986-09-02,1667.80004882812
1986-09-03,1670.69995117188
1986-09-04,1680.30004882812
1986-09-05,1684.80004882812
1986-09-08,1666.59997558594
1986-09-09,1673.40002441406
1986-09-10,1663.5
1986-09-11,1636.5
1986-09-12,1608.59997558594
1986-09-15,1628.30004882812
1986-09-16,1596.69995117188
1986-09-17,1610.40002441406
1986-09-18,1614.19995117188
1986-09-19,1600.40002441406
1986-09-22,1617.09997558594
1986-09-23,1610
1986-09-24,1603.40002441406
1986-09-25,1575.90002441406
1986-09-26,1568.59997558594
1986-09-29,1539.19995117188
1986-09-30,1555.80004882812
1986-10-01,1578.30004882812
1986-10-02,1573.09997558594
1986-10-03,1560.80004882812
1986-10-06,1578.90002441406
1986-10-07,1592.30004882812
1986-10-08,1587.80004882812
1986-10-09,1608.59997558594
1986-10-10,1599.40002441406
1986-10-13,1612.30004882812
1986-10-14,1592.5
1986-10-15,1607.5
1986-10-16,1605
1986-10-17,1610
1986-10-20,1590.19995117188
1986-10-21,1591.19995117188
1986-10-22,1589.59997558594
1986-10-23,1572.5
1986-10-24,1577.09997558594
1986-10-27,1586.19995117188
1986-10-28,1583.59997558594
1986-10-29,1597
1986-10-30,1615.80004882812
1986-10-31,1632.09997558594
1986-11-03,1639.19995117188
1986-11-04,1637.69995117188
1986-11-05,1644.40002441406
1986-11-06,1648.5
1986-11-07,1662.59997558594
1986-11-10,1656.19995117188
1986-11-11,1660.90002441406
1986-11-12,1654.5
1986-11-13,1644.59997558594
1986-11-14,1644.30004882812
1986-11-17,1628.59997558594
1986-11-18,1617.5
1986-11-19,1604.30004882812
1986-11-20,1610.69995117188
1986-11-21,1624.90002441406
1986-11-24,1636.5
1986-11-25,1619.30004882812
1986-11-26,1633
1986-11-27,1632.5
1986-11-28,1636.69995117188
1986-12-01,1617.80004882812
1986-12-02,1625.5
1986-12-03,1615.09997558594
1986-12-04,1610.09997558594
1986-12-05,1613.5
1986-12-08,1623.40002441406
1986-12-09,1635.90002441406
1986-12-10,1634.59997558594
1986-12-11,1634
1986-12-12,1629.80004882812
1986-12-15,1637
1986-12-16,1637.90002441406
1986-12-17,1636.30004882812
1986-12-18,1630.59997558594
1986-12-19,1632.19995117188
1986-12-22,1652.19995117188
1986-12-23,1660.90002441406
1986-12-24,1665.09997558594
1986-12-25,NA
1986-12-26,NA
1986-12-29,1671.59997558594
1986-12-30,1673.09997558594
1986-12-31,1679
1987-01-01,NA
1987-01-02,1681.09997558594
1987-01-05,1680
1987-01-06,1690.69995117188
1987-01-07,1722.19995117188
1987-01-08,1733.09997558594
1987-01-09,1752.30004882812
1987-01-12,1755.59997558594
1987-01-13,1763.30004882812
1987-01-14,1765.19995117188
1987-01-15,1789
1987-01-16,1789
1987-01-19,1778.40002441406
1987-01-20,1778.90002441406
1987-01-21,1761.59997558594
1987-01-22,1777.5
1987-01-23,1795.30004882812
1987-01-26,1781.80004882812
1987-01-27,1814.40002441406
1987-01-28,1812.09997558594
1987-01-29,1798.09997558594
1987-01-30,1808.30004882812
1987-02-02,1832.80004882812
1987-02-03,1828.59997558594
1987-02-04,1846.69995117188
1987-02-05,1866.09997558594
1987-02-06,1898.40002441406
1987-02-09,1910.69995117188
1987-02-10,1874.90002441406
1987-02-11,1895.80004882812
1987-02-12,1878.59997558594
1987-02-13,1898.09997558594
1987-02-16,1925.80004882812
1987-02-17,1942
1987-02-18,1952
1987-02-19,1930.09997558594
1987-02-20,1961.5
1987-02-23,1939.69995117188
1987-02-24,1946.80004882812
1987-02-25,1973.09997558594
1987-02-26,1980.19995117188
1987-02-27,1979.19995117188
1987-03-02,1983.09997558594
1987-03-03,1998.30004882812
1987-03-04,2002.69995117188
1987-03-05,2002.80004882812
1987-03-06,1998.19995117188
1987-03-09,1973.69995117188
1987-03-10,1987.69995117188
1987-03-11,1979.40002441406
1987-03-12,1989.69995117188
1987-03-13,2000
1987-03-16,1991.80004882812
1987-03-17,2006.30004882812
1987-03-18,2006.59997558594
1987-03-19,1991
1987-03-20,2017.5
1987-03-23,2033
1987-03-24,2056.19995117188
1987-03-25,2042.90002441406
1987-03-26,2037.80004882812
1987-03-27,2048.60009765625
1987-03-30,2002.5
1987-03-31,1997.59997558594
1987-04-01,1973.09997558594
1987-04-02,1987.69995117188
1987-04-03,1965.09997558594
1987-04-06,1989.59997558594
1987-04-07,1987
1987-04-08,1976.69995117188
1987-04-09,1962.80004882812
1987-04-10,1936.69995117188
1987-04-13,1917.09997558594
1987-04-14,1908.90002441406
1987-04-15,1922.19995117188
1987-04-16,1949.40002441406
1987-04-17,NA
1987-04-20,NA
1987-04-21,1940.19995117188
1987-04-22,1955.69995117188
1987-04-23,1968.30004882812
1987-04-24,2001.5
1987-04-27,1986.59997558594
1987-04-28,2022.09997558594
1987-04-29,2038.59997558594
1987-04-30,2050.5
1987-05-01,2068.5
1987-05-04,NA
1987-05-05,2065.10009765625
1987-05-06,2086.5
1987-05-07,2077.89990234375
1987-05-08,2126.5
1987-05-11,2163.30004882812
1987-05-12,2143.30004882812
1987-05-13,2163.39990234375
1987-05-14,2180
1987-05-15,2189.69995117188
1987-05-18,2192.10009765625
1987-05-19,2214.30004882812
1987-05-20,2174
1987-05-21,2153.69995117188
1987-05-22,2167.5
1987-05-25,NA
1987-05-26,2153.39990234375
1987-05-27,2145.69995117188
1987-05-28,2157.39990234375
1987-05-29,2203
1987-06-01,2228.19995117188
1987-06-02,2219.60009765625
1987-06-03,2235.39990234375
1987-06-04,2214.19995117188
1987-06-05,2228.80004882812
1987-06-08,2228.39990234375
1987-06-09,2265.19995117188
1987-06-10,2256.10009765625
1987-06-11,2249.30004882812
1987-06-12,2289.5
1987-06-15,2307.60009765625
1987-06-16,2309
1987-06-17,2320.39990234375
1987-06-18,2293.19995117188
1987-06-19,2266.10009765625
1987-06-22,2244.60009765625
1987-06-23,2265.5
1987-06-24,2284
1987-06-25,2277.19995117188
1987-06-26,2291.30004882812
1987-06-29,2289.30004882812
1987-06-30,2284.10009765625
1987-07-01,2269.80004882812
1987-07-02,2297.39990234375
1987-07-03,2328.10009765625
1987-07-06,2351.89990234375
1987-07-07,2365.39990234375
1987-07-08,2356.89990234375
1987-07-09,2371
1987-07-10,2382
1987-07-13,2386.60009765625
1987-07-14,2403
1987-07-15,2419.19995117188
1987-07-16,2443.39990234375
1987-07-17,2428.69995117188
1987-07-20,2400.69995117188
1987-07-21,2390.5
1987-07-22,2344.5
1987-07-23,2340.19995117188
1987-07-24,2346.89990234375
1987-07-27,2333.89990234375
1987-07-28,2359.89990234375
1987-07-29,2383.10009765625
1987-07-30,2370.5
1987-07-31,2360.89990234375
1987-08-03,2334.30004882812
1987-08-04,2307.80004882812
1987-08-05,2317.39990234375
1987-08-06,2261.39990234375
1987-08-07,2226.19995117188
1987-08-10,2242.19995117188
1987-08-11,2275.39990234375
1987-08-12,2286.10009765625
1987-08-13,2290.10009765625
1987-08-14,2295.39990234375
1987-08-17,2295.39990234375
1987-08-18,2224.80004882812
1987-08-19,2197.60009765625
1987-08-20,2185.30004882812
1987-08-21,2205.80004882812
1987-08-24,2225.10009765625
1987-08-25,2248.10009765625
1987-08-26,2249.60009765625
1987-08-27,2245.80004882812
1987-08-28,2249.69995117188
1987-08-31,NA
1987-09-01,2272.80004882812
1987-09-02,2249.5
1987-09-03,2268.10009765625
1987-09-04,2274.89990234375
1987-09-07,2283.60009765625
1987-09-08,2275
1987-09-09,2249.10009765625
1987-09-10,2253.19995117188
1987-09-11,2261.19995117188
1987-09-14,2271.80004882812
1987-09-15,2264.5
1987-09-16,2279.80004882812
1987-09-17,2304.5
1987-09-18,2328.30004882812
1987-09-21,2334.80004882812
1987-09-22,2336.19995117188
1987-09-23,2352.39990234375
1987-09-24,2313.39990234375
1987-09-25,2342.60009765625
1987-09-28,2368.10009765625
1987-09-29,2368.30004882812
1987-09-30,2366
1987-10-01,2373.80004882812
1987-10-02,2382.19995117188
1987-10-05,2385.80004882812
1987-10-06,2367.89990234375
1987-10-07,2359.80004882812
1987-10-08,2375.5
1987-10-09,2366.5
1987-10-12,2338.5
1987-10-13,2350.19995117188
1987-10-14,2322.89990234375
1987-10-15,2301.89990234375
1987-10-16,2301.89990234375
1987-10-19,2052.30004882812
1987-10-20,1801.59997558594
1987-10-21,1943.80004882812
1987-10-22,1833.19995117188
1987-10-23,1795.19995117188
1987-10-26,1684.09997558594
1987-10-27,1703.90002441406
1987-10-28,1658.40002441406
1987-10-29,1682
1987-10-30,1749.80004882812
1987-11-02,1723.69995117188
1987-11-03,1653.90002441406
1987-11-04,1608.09997558594
1987-11-05,1638.80004882812
1987-11-06,1620.80004882812
1987-11-09,1565.19995117188
1987-11-10,1573.5
1987-11-11,1639.30004882812
1987-11-12,1702.5
1987-11-13,1678.30004882812
1987-11-16,1684.80004882812
1987-11-17,1660.09997558594
1987-11-18,1663.69995117188
1987-11-19,1639.09997558594
1987-11-20,1633
1987-11-23,1657.69995117188
1987-11-24,1689.09997558594
1987-11-25,1664.09997558594
1987-11-26,1660.69995117188
1987-11-27,1651.59997558594
1987-11-30,1579.90002441406
1987-12-01,1578.5
1987-12-02,1590.30004882812
1987-12-03,1588.40002441406
1987-12-04,1582.69995117188
1987-12-07,1598
1987-12-08,1624.40002441406
1987-12-09,1639.30004882812
1987-12-10,1619.59997558594
1987-12-11,1651.59997558594
1987-12-14,1652.59997558594
1987-12-15,1670
1987-12-16,1689.80004882812
1987-12-17,1706.19995117188
1987-12-18,1717
1987-12-21,1750.19995117188
1987-12-22,1747.40002441406
1987-12-23,1771.40002441406
1987-12-24,1791.09997558594
1987-12-25,NA
1987-12-28,NA
1987-12-29,1730.30004882812
1987-12-30,1759.80004882812
1987-12-31,1713.90002441406
1988-01-01,NA
1988-01-04,NA
1988-01-05,1789.59997558594
1988-01-06,1787.09997558594
1988-01-07,1787.19995117188
1988-01-08,1773.40002441406
1988-01-11,1760.19995117188
1988-01-12,1739.19995117188
1988-01-13,1733.40002441406
1988-01-14,1743.40002441406
1988-01-15,1786.69995117188
1988-01-18,1790
1988-01-19,1768
1988-01-20,1752.80004882812
1988-01-21,1747.19995117188
1988-01-22,1770.90002441406
1988-01-25,1762.19995117188
1988-01-26,1767.30004882812
1988-01-27,1765.19995117188
1988-01-28,1783.90002441406
1988-01-29,1790.80004882812
1988-02-01,1776.90002441406
1988-02-02,1774.40002441406
1988-02-03,1766.30004882812
1988-02-04,1766.90002441406
1988-02-05,1737.80004882812
1988-02-08,1694.5
1988-02-09,1707.19995117188
1988-02-10,1718.5
1988-02-11,1729.80004882812
1988-02-12,1734
1988-02-15,1739.19995117188
1988-02-16,1734.90002441406
1988-02-17,1748.09997558594
1988-02-18,1736.09997558594
1988-02-19,1729.80004882812
1988-02-22,1747.19995117188
1988-02-23,1757.90002441406
1988-02-24,1760.09997558594
1988-02-25,1782.40002441406
1988-02-26,1766.5
1988-02-29,1768.80004882812
1988-03-01,1781.90002441406
1988-03-02,1808.69995117188
1988-03-03,1813.30004882812
1988-03-04,1834.5
1988-03-07,1818.19995117188
1988-03-08,1815
1988-03-09,1815.30004882812
1988-03-10,1834.59997558594
1988-03-11,1811.59997558594
1988-03-14,1819.5
1988-03-15,1836.5
1988-03-16,1825.69995117188
1988-03-17,1828.09997558594
1988-03-18,1855.5
1988-03-21,1841.09997558594
1988-03-22,1835.40002441406
1988-03-23,1832.19995117188
1988-03-24,1782.69995117188
1988-03-25,1767.90002441406
1988-03-28,1746.5
1988-03-29,1765.09997558594
1988-03-30,1756.90002441406
1988-03-31,1742.5
1988-04-01,NA
1988-04-04,NA
1988-04-05,1737.59997558594
1988-04-06,1745
1988-04-07,1761
1988-04-08,1779.69995117188
1988-04-11,1810.5
1988-04-12,1805.30004882812
1988-04-13,1810.40002441406
1988-04-14,1787.19995117188
1988-04-15,1778.59997558594
1988-04-18,1787.80004882812
1988-04-19,1798.90002441406
1988-04-20,1786.80004882812
1988-04-21,1791.90002441406
1988-04-22,1771.59997558594
1988-04-25,1777.59997558594
1988-04-26,1800.80004882812
1988-04-27,1806.30004882812
1988-04-28,1804.40002441406
1988-04-29,1802.19995117188
1988-05-02,NA
1988-05-03,1807.19995117188
1988-05-04,1794.69995117188
1988-05-05,1789.5
1988-05-06,1801.09997558594
1988-05-09,1794.90002441406
1988-05-10,1792.59997558594
1988-05-11,1756.80004882812
1988-05-12,1772.30004882812
1988-05-13,1781.80004882812
1988-05-16,1776.59997558594
1988-05-17,1789.19995117188
1988-05-18,1777.59997558594
1988-05-19,1760.59997558594
1988-05-20,1770.19995117188
1988-05-23,1761.30004882812
1988-05-24,1782.90002441406
1988-05-25,1787.90002441406
1988-05-26,1785.30004882812
1988-05-27,1783.69995117188
1988-05-30,NA
1988-05-31,1784.5
1988-06-01,1805.69995117188
1988-06-02,1810.30004882812
1988-06-03,1819.19995117188
1988-06-06,1832.69995117188
1988-06-07,1820.19995117188
1988-06-08,1828.19995117188
1988-06-09,1841.5
1988-06-10,1849.80004882812
1988-06-13,1838.80004882812
1988-06-14,1866.19995117188
1988-06-15,1869.30004882812
1988-06-16,1861.90002441406
1988-06-17,1850.09997558594
1988-06-20,1844
1988-06-21,1860.09997558594
1988-06-22,1879.30004882812
1988-06-23,1878.90002441406
1988-06-24,1871.30004882812
1988-06-27,1841.5
1988-06-28,1856.90002441406
1988-06-29,1855.09997558594
1988-06-30,1857.59997558594
1988-07-01,1858.19995117188
1988-07-04,1848
1988-07-05,1854.80004882812
1988-07-06,1870
1988-07-07,1855.5
1988-07-08,1877.19995117188
1988-07-11,1876.80004882812
1988-07-12,1858.5
1988-07-13,1871.30004882812
1988-07-14,1863.30004882812
1988-07-15,1861.5
1988-07-18,1849.30004882812
1988-07-19,1844.80004882812
1988-07-20,1867.19995117188
1988-07-21,1864.40002441406
1988-07-22,1844.80004882812
1988-07-25,1838.5
1988-07-26,1837.69995117188
1988-07-27,1840.80004882812
1988-07-28,1841.30004882812
1988-07-29,1853.59997558594
1988-08-01,1862.19995117188
1988-08-02,1855.5
1988-08-03,1865.09997558594
1988-08-04,1869.69995117188
1988-08-05,1875.90002441406
1988-08-08,1876
1988-08-09,1862.59997558594
1988-08-10,1839.90002441406
1988-08-11,1835.19995117188
1988-08-12,1843.40002441406
1988-08-15,1816.80004882812
1988-08-16,1825.30004882812
1988-08-17,1830.90002441406
1988-08-18,1833.90002441406
1988-08-19,1844.30004882812
1988-08-22,1832.30004882812
1988-08-23,1817.90002441406
1988-08-24,1819.19995117188
1988-08-25,1780.19995117188
1988-08-26,1770.69995117188
1988-08-29,NA
1988-08-30,1754.80004882812
1988-08-31,1753.59997558594
1988-09-01,1730.5
1988-09-02,1746.90002441406
1988-09-05,1764.5
1988-09-06,1768
1988-09-07,1756.09997558594
1988-09-08,1739.80004882812
1988-09-09,1738.40002441406
1988-09-12,1744.59997558594
1988-09-13,1756.30004882812
1988-09-14,1765.09997558594
1988-09-15,1769.30004882812
1988-09-16,1766.69995117188
1988-09-19,1759.90002441406
1988-09-20,1772.09997558594
1988-09-21,1796.80004882812
1988-09-22,1788.69995117188
1988-09-23,1792.40002441406
1988-09-26,1792.69995117188
1988-09-27,1808
1988-09-28,1812.5
1988-09-29,1829
1988-09-30,1826.5
1988-10-03,1802.59997558594
1988-10-04,1807.30004882812
1988-10-05,1826.30004882812
1988-10-06,1838.90002441406
1988-10-07,1844.69995117188
1988-10-10,1844.09997558594
1988-10-11,1838.30004882812
1988-10-12,1814.30004882812
1988-10-13,1830.69995117188
1988-10-14,1840.59997558594
1988-10-17,1860
1988-10-18,1857
1988-10-19,1862.5
1988-10-20,1864.30004882812
1988-10-21,1859.30004882812
1988-10-24,1848.40002441406
1988-10-25,1846.80004882812
1988-10-26,1850.69995117188
1988-10-27,1852.09997558594
1988-10-28,1858.40002441406
1988-10-31,1852.40002441406
1988-11-01,1857.80004882812
1988-11-02,1843.19995117188
1988-11-03,1837.59997558594
1988-11-04,1834.30004882812
1988-11-07,1819.69995117188
1988-11-08,1840.59997558594
1988-11-09,1825.69995117188
1988-11-10,1823.19995117188
1988-11-11,1802.69995117188
1988-11-14,1794.30004882812
1988-11-15,1802.30004882812
1988-11-16,1807.30004882812
1988-11-17,1823.59997558594
1988-11-18,1823.40002441406
1988-11-21,1811.09997558594
1988-11-22,1821.30004882812
1988-11-23,1837.09997558594
1988-11-24,1833.09997558594
1988-11-25,1794.69995117188
1988-11-28,1781.5
1988-11-29,1786.90002441406
1988-11-30,1792.40002441406
1988-12-01,1778.69995117188
1988-12-02,1765
1988-12-05,1761.59997558594
1988-12-06,1767.40002441406
1988-12-07,1771.69995117188
1988-12-08,1757.90002441406
1988-12-09,1750.30004882812
1988-12-12,1747.90002441406
1988-12-13,1752.59997558594
1988-12-14,1756.09997558594
1988-12-15,1763.19995117188
1988-12-16,1773.69995117188
1988-12-19,1770.5
1988-12-20,1777.40002441406
1988-12-21,1772.59997558594
1988-12-22,1768.69995117188
1988-12-23,1774
1988-12-26,NA
1988-12-27,NA
1988-12-28,1787.69995117188
1988-12-29,1803.40002441406
1988-12-30,1793.09997558594
1989-01-02,NA
1989-01-03,1782.80004882812
1989-01-04,1793
1989-01-05,1799.5
1989-01-06,1811.30004882812
1989-01-09,1831.5
1989-01-10,1836
1989-01-11,1834.09997558594
1989-01-12,1850.90002441406
1989-01-13,1862.09997558594
1989-01-16,1871.80004882812
1989-01-17,1867.69995117188
1989-01-18,1892.09997558594
1989-01-19,1910.80004882812
1989-01-20,1917.5
1989-01-23,1924.69995117188
1989-01-24,1941.09997558594
1989-01-25,1939
1989-01-26,1959.80004882812
1989-01-27,2005.90002441406
1989-01-30,2042.90002441406
1989-01-31,2051.80004882812
1989-02-01,2039.69995117188
1989-02-02,2043.40002441406
1989-02-03,2069.89990234375
1989-02-06,2044.30004882812
1989-02-07,2072.80004882812
1989-02-08,2096.19995117188
1989-02-09,2079.10009765625
1989-02-10,2056.10009765625
1989-02-13,2032.69995117188
1989-02-14,2049.10009765625
1989-02-15,2047.5
1989-02-16,2033.80004882812
1989-02-17,2042.90002441406
1989-02-20,2065.80004882812
1989-02-21,2061
1989-02-22,2033.69995117188
1989-02-23,2016.59997558594
1989-02-24,2019.5
1989-02-27,1996.69995117188
1989-02-28,2002.40002441406
1989-03-01,2021.30004882812
1989-03-02,2039.69995117188
1989-03-03,2059.19995117188
1989-03-06,2072.80004882812
1989-03-07,2083.5
1989-03-08,2083.30004882812
1989-03-09,2075.89990234375
1989-03-10,2085.19995117188
1989-03-13,2103
1989-03-14,2125.39990234375
1989-03-15,2121.19995117188
1989-03-16,2112.60009765625
1989-03-17,2073.10009765625
1989-03-20,2053.60009765625
1989-03-21,2072.19995117188
1989-03-22,2048.60009765625
1989-03-23,2057
1989-03-24,NA
1989-03-27,NA
1989-03-28,2070.5
1989-03-29,2071.69995117188
1989-03-30,2049.39990234375
1989-03-31,2075
1989-04-03,2079.60009765625
1989-04-04,2082.80004882812
1989-04-05,2078.19995117188
1989-04-06,2052.5
1989-04-07,2045.69995117188
1989-04-10,2025
1989-04-11,2031.30004882812
1989-04-12,2033
1989-04-13,2028.69995117188
1989-04-14,2053.60009765625
1989-04-17,2054.69995117188
1989-04-18,2074.39990234375
1989-04-19,2087
1989-04-20,2064.39990234375
1989-04-21,2061
1989-04-24,2062
1989-04-25,2071.19995117188
1989-04-26,2093.39990234375
1989-04-27,2115.69995117188
1989-04-28,2118
1989-05-01,NA
1989-05-02,2103.10009765625
1989-05-03,2105.69995117188
1989-05-04,2119
1989-05-05,2132.80004882812
1989-05-08,2119.60009765625
1989-05-09,2125.10009765625
1989-05-10,2117
1989-05-11,2110.60009765625
1989-05-12,2135.69995117188
1989-05-15,2149.89990234375
1989-05-16,2136.69995117188
1989-05-17,2155.80004882812
1989-05-18,2177.30004882812
1989-05-19,2204.69995117188
1989-05-22,2169
1989-05-23,2151.60009765625
1989-05-24,2132.69995117188
1989-05-25,2136.60009765625
1989-05-26,2140.30004882812
1989-05-29,NA
1989-05-30,2130
1989-05-31,2114.39990234375
1989-06-01,2103.39990234375
1989-06-02,2102.60009765625
1989-06-05,2088.5
1989-06-06,2107.39990234375
1989-06-07,2117.89990234375
1989-06-08,2143.39990234375
1989-06-09,2142.10009765625
1989-06-12,2138.30004882812
1989-06-13,2123
1989-06-14,2133.60009765625
1989-06-15,2129.60009765625
1989-06-16,2143.89990234375
1989-06-19,2154.69995117188
1989-06-20,2164.80004882812
1989-06-21,2172.19995117188
1989-06-22,2180
1989-06-23,2167.5
1989-06-26,2179.60009765625
1989-06-27,2206.39990234375
1989-06-28,2209.39990234375
1989-06-29,2182
1989-06-30,2151
1989-07-03,2165.60009765625
1989-07-04,2174.39990234375
1989-07-05,2162.89990234375
1989-07-06,2161.19995117188
1989-07-07,2189.10009765625
1989-07-10,2195.19995117188
1989-07-11,2250.89990234375
1989-07-12,2256.69995117188
1989-07-13,2258
1989-07-14,2273.69995117188
1989-07-17,2274.89990234375
1989-07-18,2273.10009765625
1989-07-19,2292.5
1989-07-20,2292.30004882812
1989-07-21,2283
1989-07-24,2259.10009765625
1989-07-25,2269.39990234375
1989-07-26,2264.5
1989-07-27,2283.69995117188
1989-07-28,2306
1989-07-31,2297
1989-08-01,2292.30004882812
1989-08-02,2307.80004882812
1989-08-03,2306.30004882812
1989-08-04,2327.5
1989-08-07,2341.5
1989-08-08,2348.10009765625
1989-08-09,2360.39990234375
1989-08-10,2347.30004882812
1989-08-11,2354.19995117188
1989-08-14,2325.89990234375
1989-08-15,2326.19995117188
1989-08-16,2345.80004882812
1989-08-17,2360
1989-08-18,2375.10009765625
1989-08-21,2374.69995117188
1989-08-22,2370.80004882812
1989-08-23,2382.39990234375
1989-08-24,2393.10009765625
1989-08-25,2397.39990234375
1989-08-28,NA
1989-08-29,2380.80004882812
1989-08-30,2381.30004882812
1989-08-31,2387.89990234375
1989-09-01,2407.5
1989-09-04,2419.19995117188
1989-09-05,2426
1989-09-06,2390.80004882812
1989-09-07,2415.89990234375
1989-09-08,2423.89990234375
1989-09-11,2400.60009765625
1989-09-12,2397.60009765625
1989-09-13,2401.5
1989-09-14,2382
1989-09-15,2366.5
1989-09-18,2373.80004882812
1989-09-19,2361.5
1989-09-20,2369.80004882812
1989-09-21,2380.89990234375
1989-09-22,2370.19995117188
1989-09-25,2359.60009765625
1989-09-26,2336.10009765625
1989-09-27,2331.19995117188
1989-09-28,2291.69995117188
1989-09-29,2299.39990234375
1989-10-02,2289.19995117188
1989-10-03,2318.60009765625
1989-10-04,2312.10009765625
1989-10-05,2281.60009765625
1989-10-06,2277.5
1989-10-09,2247
1989-10-10,2218.80004882812
1989-10-11,2218.80004882812
1989-10-12,2237.80004882812
1989-10-13,2233.89990234375
1989-10-16,2163.39990234375
1989-10-17,2135.5
1989-10-18,2170.10009765625
1989-10-19,2189.30004882812
1989-10-20,2179.10009765625
1989-10-23,2189.69995117188
1989-10-24,2149.30004882812
1989-10-25,2161.89990234375
1989-10-26,2129.39990234375
1989-10-27,2082.10009765625
1989-10-30,2112.19995117188
1989-10-31,2142.60009765625
1989-11-01,2160.10009765625
1989-11-02,2154.10009765625
1989-11-03,2173.10009765625
1989-11-06,2169.60009765625
1989-11-07,2178.19995117188
1989-11-08,2203.80004882812
1989-11-09,2201.69995117188
1989-11-10,2216.69995117188
1989-11-13,2213.19995117188
1989-11-14,2214.69995117188
1989-11-15,2203.39990234375
1989-11-16,2209.80004882812
1989-11-17,2221.39990234375
1989-11-20,2183.10009765625
1989-11-21,2185.10009765625
1989-11-22,2192.30004882812
1989-11-23,2220.5
1989-11-24,2222.39990234375
1989-11-27,2224.30004882812
1989-11-28,2242
1989-11-29,2255.60009765625
1989-11-30,2276.80004882812
1989-12-01,2311.10009765625
1989-12-04,2303.39990234375
1989-12-05,2327.5
1989-12-06,2353.69995117188
1989-12-07,2346.69995117188
1989-12-08,2363.5
1989-12-11,2351.39990234375
1989-12-12,2363.5
1989-12-13,2386.19995117188
1989-12-14,2367
1989-12-15,2344.69995117188
1989-12-18,2358.5
1989-12-19,2342.10009765625
1989-12-20,2360.69995117188
1989-12-21,2353
1989-12-22,2362
1989-12-25,NA
1989-12-26,NA
1989-12-27,2395.80004882812
1989-12-28,2398.80004882812
1989-12-29,2422.69995117188
1990-01-01,NA
1990-01-02,2434.10009765625
1990-01-03,2463.69995117188
1990-01-04,2451.60009765625
1990-01-05,2444.5
1990-01-08,2431.30004882812
1990-01-09,2436.30004882812
1990-01-10,2412.60009765625
1990-01-11,2417.89990234375
1990-01-12,2380.10009765625
1990-01-15,2366.19995117188
1990-01-16,2349.10009765625
1990-01-17,2373.89990234375
1990-01-18,2336.89990234375
1990-01-19,2335
1990-01-22,2297.10009765625
1990-01-23,2291.10009765625
1990-01-24,2278.60009765625
1990-01-25,2289.89990234375
1990-01-26,2314.5
1990-01-29,2328.80004882812
1990-01-30,2322
1990-01-31,2337.30004882812
1990-02-01,2345.80004882812
1990-02-02,2355.10009765625
1990-02-05,2348.39990234375
1990-02-06,2321.10009765625
1990-02-07,2307.39990234375
1990-02-08,2331
1990-02-09,2313.60009765625
1990-02-12,2286.89990234375
1990-02-13,2293.19995117188
1990-02-14,2298.30004882812
1990-02-15,2313.80004882812
1990-02-16,2325.89990234375
1990-02-19,2297.10009765625
1990-02-20,2277
1990-02-21,2259.69995117188
1990-02-22,2269.19995117188
1990-02-23,2223.69995117188
1990-02-26,2249.30004882812
1990-02-27,2254.80004882812
1990-02-28,2255.39990234375
1990-03-01,2238.39990234375
1990-03-02,2254.80004882812
1990-03-05,2230.5
1990-03-06,2216
1990-03-07,2230.30004882812
1990-03-08,2250
1990-03-09,2234.30004882812
1990-03-12,2222.80004882812
1990-03-13,2224.5
1990-03-14,2226.10009765625
1990-03-15,2234.89990234375
1990-03-16,2263.89990234375
1990-03-19,2238
1990-03-20,2259.69995117188
1990-03-21,2250.30004882812
1990-03-22,2258.89990234375
1990-03-23,2283.89990234375
1990-03-26,2298.19995117188
1990-03-27,2266.19995117188
1990-03-28,2275
1990-03-29,2263
1990-03-30,2247.89990234375
1990-04-02,2221.60009765625
1990-04-03,2240.69995117188
1990-04-04,2231.60009765625
1990-04-05,2239.5
1990-04-06,2221.10009765625
1990-04-09,2227.69995117188
1990-04-10,2217.5
1990-04-11,2215.5
1990-04-12,2222.10009765625
1990-04-13,NA
1990-04-16,NA
1990-04-17,2214.5
1990-04-18,2205.89990234375
1990-04-19,2184.69995117188
1990-04-20,2187.10009765625
1990-04-23,2159.19995117188
1990-04-24,2159.89990234375
1990-04-25,2143.10009765625
1990-04-26,2133.60009765625
1990-04-27,2106.60009765625
1990-04-30,2103.39990234375
1990-05-01,2117.89990234375
1990-05-02,2137.60009765625
1990-05-03,2134.89990234375
1990-05-04,2162.19995117188
1990-05-07,NA
1990-05-08,2182
1990-05-09,2162.69995117188
1990-05-10,2157
1990-05-11,2175.89990234375
1990-05-14,2214.5
1990-05-15,2212.19995117188
1990-05-16,2222.10009765625
1990-05-17,2284.39990234375
1990-05-18,2269.10009765625
1990-05-21,2282.10009765625
1990-05-22,2311.30004882812
1990-05-23,2287.39990234375
1990-05-24,2277.10009765625
1990-05-25,2265.60009765625
1990-05-28,NA
1990-05-29,2295.60009765625
1990-05-30,2346.19995117188
1990-05-31,2345.10009765625
1990-06-01,2371.39990234375
1990-06-04,2379
1990-06-05,2380.10009765625
1990-06-06,2358.5
1990-06-07,2378.39990234375
1990-06-08,2366.60009765625
1990-06-11,2348.80004882812
1990-06-12,2370.69995117188
1990-06-13,2405.39990234375
1990-06-14,2403
1990-06-15,2392.30004882812
1990-06-18,2370.5
1990-06-19,2369.69995117188
1990-06-20,2371.19995117188
1990-06-21,2370.30004882812
1990-06-22,2378.5
1990-06-25,2398.5
1990-06-26,2399.80004882812
1990-06-27,2373.5
1990-06-28,2355.69995117188
1990-06-29,2374.60009765625
1990-07-02,2372
1990-07-03,2371.69995117188
1990-07-04,2355.5
1990-07-05,2331.39990234375
1990-07-06,2340
1990-07-09,2337.5
1990-07-10,2327.5
1990-07-11,2360.5
1990-07-12,2370.5
1990-07-13,2382.19995117188
1990-07-16,2406.5
1990-07-17,2415
1990-07-18,2402
1990-07-19,2387.30004882812
1990-07-20,2400.10009765625
1990-07-23,2359.69995117188
1990-07-24,2360.89990234375
1990-07-25,2364.69995117188
1990-07-26,2344.10009765625
1990-07-27,2330.10009765625
1990-07-30,2316.5
1990-07-31,2326.19995117188
1990-08-01,2339
1990-08-02,2304.5
1990-08-03,2284.60009765625
1990-08-06,2220.19995117188
1990-08-07,2235.80004882812
1990-08-08,2237.5
1990-08-09,2244.89990234375
1990-08-10,2233.80004882812
1990-08-13,2219.5
1990-08-14,2234
1990-08-15,2239.30004882812
1990-08-16,2222.10009765625
1990-08-17,2176.89990234375
1990-08-20,2156.60009765625
1990-08-21,2108.10009765625
1990-08-22,2104.80004882812
1990-08-23,2075
1990-08-24,2086.39990234375
1990-08-27,NA
1990-08-28,2126.10009765625
1990-08-29,2125.69995117188
1990-08-30,2153.60009765625
1990-08-31,2162.80004882812
1990-09-03,2166.60009765625
1990-09-04,2148
1990-09-05,2152.19995117188
1990-09-06,2120.89990234375
1990-09-07,2122.89990234375
1990-09-10,2147
1990-09-11,2144.30004882812
1990-09-12,2142.30004882812
1990-09-13,2127.10009765625
1990-09-14,2093.80004882812
1990-09-17,2094.30004882812
1990-09-18,2064
1990-09-19,2065.80004882812
1990-09-20,2016.90002441406
1990-09-21,2025.5
1990-09-24,1990.30004882812
1990-09-25,1999.19995117188
1990-09-26,2000
1990-09-27,2009.09997558594
1990-09-28,1990.19995117188
1990-10-01,2030.90002441406
1990-10-02,2058.5
1990-10-03,2087
1990-10-04,2070.39990234375
1990-10-05,2143.89990234375
1990-10-08,2201.60009765625
1990-10-09,2134.10009765625
1990-10-10,2121.80004882812
1990-10-11,2102.19995117188
1990-10-12,2100.39990234375
1990-10-15,2101.89990234375
1990-10-16,2083.60009765625
1990-10-17,2068
1990-10-18,2082.60009765625
1990-10-19,2089
1990-10-22,2102
1990-10-23,2127
1990-10-24,2110.5
1990-10-25,2088.69995117188
1990-10-26,2063.10009765625
1990-10-29,2062.10009765625
1990-10-30,2033.90002441406
1990-10-31,2050.30004882812
1990-11-01,2028
1990-11-02,2030.69995117188
1990-11-05,2050.10009765625
1990-11-06,2069.80004882812
1990-11-07,2069.80004882812
1990-11-08,2059.19995117188
1990-11-09,2040.59997558594
1990-11-12,2051.89990234375
1990-11-13,2056
1990-11-14,2046
1990-11-15,2060
1990-11-16,2068
1990-11-19,2095.89990234375
1990-11-20,2115.19995117188
1990-11-21,2126.30004882812
1990-11-22,2127.89990234375
1990-11-23,2170.5
1990-11-26,2151.89990234375
1990-11-27,2159.5
1990-11-28,2144.30004882812
1990-11-29,2135.60009765625
1990-11-30,2149.39990234375
1990-12-03,2162.69995117188
1990-12-04,2146.30004882812
1990-12-05,2152.60009765625
1990-12-06,2177.5
1990-12-07,2183.39990234375
1990-12-10,2182.5
1990-12-11,2165.80004882812
1990-12-12,2156.89990234375
1990-12-13,2172.19995117188
1990-12-14,2168.39990234375
1990-12-17,2157.89990234375
1990-12-18,2161.80004882812
1990-12-19,2178.69995117188
1990-12-20,2158.80004882812
1990-12-21,2164.39990234375
1990-12-24,2156.30004882812
1990-12-25,NA
1990-12-26,NA
1990-12-27,2167.80004882812
1990-12-28,2160.39990234375
1990-12-31,2143.5
1991-01-01,NA
1991-01-02,2128.30004882812
1991-01-03,2117.80004882812
1991-01-04,2126.10009765625
1991-01-07,2113.30004882812
1991-01-08,2099.89990234375
1991-01-09,2128.89990234375
1991-01-10,2108.69995117188
1991-01-11,2106.10009765625
1991-01-14,2080.80004882812
1991-01-15,2070.89990234375
1991-01-16,2054.80004882812
1991-01-17,2104.60009765625
1991-01-18,2102.69995117188
1991-01-21,2084
1991-01-22,2081.60009765625
1991-01-23,2080.5
1991-01-24,2099.30004882812
1991-01-25,2103
1991-01-28,2118
1991-01-29,2113.80004882812
1991-01-30,2152.60009765625
1991-01-31,2170.30004882812
1991-02-01,2165.69995117188
1991-02-04,2172.39990234375
1991-02-05,2202
1991-02-06,2194.80004882812
1991-02-07,2243.69995117188
1991-02-08,2245.19995117188
1991-02-11,2279
1991-02-12,2264.5
1991-02-13,2267.80004882812
1991-02-14,2294.39990234375
1991-02-15,2296.89990234375
1991-02-18,2318.30004882812
1991-02-19,2312.39990234375
1991-02-20,2296.80004882812
1991-02-21,2312.39990234375
1991-02-22,2314.30004882812
1991-02-25,2335.5
1991-02-26,2322.19995117188
1991-02-27,2348
1991-02-28,2380.89990234375
1991-03-01,2386.89990234375
1991-03-04,2382.89990234375
1991-03-05,2420.10009765625
1991-03-06,2459.89990234375
1991-03-07,2437.69995117188
1991-03-08,2455
1991-03-11,2459.10009765625
1991-03-12,2454.80004882812
1991-03-13,2448.19995117188
1991-03-14,2500.60009765625
1991-03-15,2494.19995117188
1991-03-18,2490.60009765625
1991-03-19,2459
1991-03-20,2441.19995117188
1991-03-21,2474.80004882812
1991-03-22,2440.5
1991-03-25,2431.89990234375
1991-03-26,2437.10009765625
1991-03-27,2464.60009765625
1991-03-28,2456.5
1991-03-29,NA
1991-04-01,NA
1991-04-02,2488.30004882812
1991-04-03,2519.10009765625
1991-04-04,2524.5
1991-04-05,2545.30004882812
1991-04-08,2529.89990234375
1991-04-09,2527.19995117188
1991-04-10,2518.80004882812
1991-04-11,2531.60009765625
1991-04-12,2526.10009765625
1991-04-15,2542.80004882812
1991-04-16,2519.5
1991-04-17,2545
1991-04-18,2538.39990234375
1991-04-19,2520.10009765625
1991-04-22,2490.80004882812
1991-04-23,2503.80004882812
1991-04-24,2488.60009765625
1991-04-25,2482.10009765625
1991-04-26,2471.30004882812
1991-04-29,2498.19995117188
1991-04-30,2486.19995117188
1991-05-01,2508.39990234375
1991-05-02,2530.69995117188
1991-05-03,2522.69995117188
1991-05-06,NA
1991-05-07,2540.5
1991-05-08,2523.39990234375
1991-05-09,2541.80004882812
1991-05-10,2524.30004882812
1991-05-13,2486.60009765625
1991-05-14,2463.69995117188
1991-05-15,2459.39990234375
1991-05-16,2471.89990234375
1991-05-17,2453.89990234375
1991-05-20,2466.60009765625
1991-05-21,2482.69995117188
1991-05-22,2465.89990234375
1991-05-23,2482.80004882812
1991-05-24,2471.10009765625
1991-05-27,NA
1991-05-28,2479.69995117188
1991-05-29,2492.89990234375
1991-05-30,2491.19995117188
1991-05-31,2499.5
1991-06-03,2515.80004882812
1991-06-04,2506
1991-06-05,2521.5
1991-06-06,2525.30004882812
1991-06-07,2506.30004882812
1991-06-10,2511.89990234375
1991-06-11,2542.60009765625
1991-06-12,2520.19995117188
1991-06-13,2514.60009765625
1991-06-14,2522.30004882812
1991-06-17,2524
1991-06-18,2516
1991-06-19,2484.69995117188
1991-06-20,2479.89990234375
1991-06-21,2487.5
1991-06-24,2458.30004882812
1991-06-25,2461.19995117188
1991-06-26,2437.30004882812
1991-06-27,2452.5
1991-06-28,2414.80004882812
1991-07-01,2443.60009765625
1991-07-02,2460.19995117188
1991-07-03,2448.19995117188
1991-07-04,2470.39990234375
1991-07-05,2484.69995117188
1991-07-08,2466.80004882812
1991-07-09,2487.89990234375
1991-07-10,2508.39990234375
1991-07-11,2510.5
1991-07-12,2497.39990234375
1991-07-15,NA
1991-07-16,2556.80004882812
1991-07-17,2561
1991-07-18,2547.30004882812
1991-07-19,2541.5
1991-07-22,2558.5
1991-07-23,2587.89990234375
1991-07-24,2580.5
1991-07-25,2579.60009765625
1991-07-26,2589.30004882812
1991-07-29,2595
1991-07-30,2595.60009765625
1991-07-31,2588.80004882812
1991-08-01,2591.69995117188
1991-08-02,2601.69995117188
1991-08-05,2585.39990234375
1991-08-06,2573.30004882812
1991-08-07,2597.39990234375
1991-08-08,2600.60009765625
1991-08-09,2570.60009765625
1991-08-12,2569.39990234375
1991-08-13,2584.89990234375
1991-08-14,2608.80004882812
1991-08-15,2617.19995117188
1991-08-16,2621
1991-08-19,2540.5
1991-08-20,2554.5
1991-08-21,2601.89990234375
1991-08-22,2623
1991-08-23,2640.69995117188
1991-08-26,NA
1991-08-27,2619.80004882812
1991-08-28,2624.19995117188
1991-08-29,2638.19995117188
1991-08-30,2645.69995117188
1991-09-02,2679.60009765625
1991-09-03,2669
1991-09-04,2664.60009765625
1991-09-05,2663.30004882812
1991-09-06,2667.39990234375
1991-09-09,2653.19995117188
1991-09-10,2630.80004882812
1991-09-11,2626.60009765625
1991-09-12,2641.89990234375
1991-09-13,2625.80004882812
1991-09-16,2606
1991-09-17,2594.39990234375
1991-09-18,2583.60009765625
1991-09-19,2588.69995117188
1991-09-20,2600.30004882812
1991-09-23,2579.5
1991-09-24,2576.60009765625
1991-09-25,2597.80004882812
1991-09-26,2595.60009765625
1991-09-27,2599
1991-09-30,2621.69995117188
1991-10-01,2645.60009765625
1991-10-02,2644.19995117188
1991-10-03,2625.60009765625
1991-10-04,2624.60009765625
1991-10-07,2596.19995117188
1991-10-08,2599.5
1991-10-09,2584.10009765625
1991-10-10,2570.80004882812
1991-10-11,2555
1991-10-14,2574.5
1991-10-15,2576.69995117188
1991-10-16,2579
1991-10-17,2588.69995117188
1991-10-18,2601.10009765625
1991-10-21,2575.69995117188
1991-10-22,2559.5
1991-10-23,2561.10009765625
1991-10-24,2528.30004882812
1991-10-25,2514.69995117188
1991-10-28,2558.5
1991-10-29,2553.30004882812
1991-10-30,2577.10009765625
1991-10-31,2566
1991-11-01,2549.5
1991-11-04,2527.80004882812
1991-11-05,2540.89990234375
1991-11-06,2534.19995117188
1991-11-07,2538
1991-11-08,2559
1991-11-11,2554.89990234375
1991-11-12,2575.5
1991-11-13,2546.5
1991-11-14,2561.60009765625
1991-11-15,2546.60009765625
1991-11-18,2502.89990234375
1991-11-19,2463.10009765625
1991-11-20,2472.60009765625
1991-11-21,2463.5
1991-11-22,2446.30004882812
1991-11-25,2456.19995117188
1991-11-26,2471.5
1991-11-27,2447.5
1991-11-28,2428.60009765625
1991-11-29,2420.19995117188
1991-12-02,2414.89990234375
1991-12-03,2420.19995117188
1991-12-04,2423.80004882812
1991-12-05,2407
1991-12-06,2388.69995117188
1991-12-09,2409.60009765625
1991-12-10,2392
1991-12-11,2380.19995117188
1991-12-12,2423.30004882812
1991-12-13,2451.60009765625
1991-12-16,2440.80004882812
1991-12-17,2432.89990234375
1991-12-18,2413.60009765625
1991-12-19,2391.60009765625
1991-12-20,2358.10009765625
1991-12-23,2345.39990234375
1991-12-24,2384.39990234375
1991-12-25,NA
1991-12-26,NA
1991-12-27,2418.69995117188
1991-12-30,2420
1991-12-31,2493.10009765625
1992-01-01,NA
1992-01-02,2492.80004882812
1992-01-03,2504.10009765625
1992-01-06,2493.19995117188
1992-01-07,2482.89990234375
1992-01-08,2467.10009765625
1992-01-09,2497.89990234375
1992-01-10,2477.89990234375
1992-01-13,2490.10009765625
1992-01-14,2516.30004882812
1992-01-15,2537.10009765625
1992-01-16,2541.60009765625
1992-01-17,2536.69995117188
1992-01-20,2544.89990234375
1992-01-21,2543.39990234375
1992-01-22,2522
1992-01-23,2525.30004882812
1992-01-24,2510.39990234375
1992-01-27,2539.89990234375
1992-01-28,2552
1992-01-29,2546.5
1992-01-30,2550.80004882812
1992-01-31,2571.19995117188
1992-02-03,2560.19995117188
1992-02-04,2556.80004882812
1992-02-05,2547.10009765625
1992-02-06,2534.30004882812
1992-02-07,2517.19995117188
1992-02-10,2538.39990234375
1992-02-11,2537.10009765625
1992-02-12,2523.69995117188
1992-02-13,2522.60009765625
1992-02-14,2513.89990234375
1992-02-17,2541
1992-02-18,2555.89990234375
1992-02-19,2536.69995117188
1992-02-20,2543.39990234375
1992-02-21,2542.30004882812
1992-02-24,2559.69995117188
1992-02-25,2546.80004882812
1992-02-26,2565
1992-02-27,2562
1992-02-28,2562.10009765625
1992-03-02,2554.30004882812
1992-03-03,2565.39990234375
1992-03-04,2558.39990234375
1992-03-05,2538.30004882812
1992-03-06,2533.10009765625
1992-03-09,2550.69995117188
1992-03-10,2574.80004882812
1992-03-11,2522.39990234375
1992-03-12,2493.30004882812
1992-03-13,2476
1992-03-16,2470.69995117188
1992-03-17,2491.19995117188
1992-03-18,2464.69995117188
1992-03-19,2467.60009765625
1992-03-20,2456.60009765625
1992-03-23,2441
1992-03-24,2458.69995117188
1992-03-25,2464.89990234375
1992-03-26,2472.19995117188
1992-03-27,2447.89990234375
1992-03-30,2452.89990234375
1992-03-31,2440.10009765625
1992-04-01,2408.60009765625
1992-04-02,2405.39990234375
1992-04-03,2382.69995117188
1992-04-06,2400.89990234375
1992-04-07,2404.19995117188
1992-04-08,2393.19995117188
1992-04-09,2436.39990234375
1992-04-10,2572.60009765625
1992-04-13,2591
1992-04-14,2600.5
1992-04-15,2640.19995117188
1992-04-16,2638.60009765625
1992-04-17,NA
1992-04-20,NA
1992-04-21,2625.80004882812
1992-04-22,2607.80004882812
1992-04-23,2609.80004882812
1992-04-24,2643
1992-04-27,2658.19995117188
1992-04-28,2651
1992-04-29,2664.89990234375
1992-04-30,2654.10009765625
1992-05-01,2659.80004882812
1992-05-04,NA
1992-05-05,2662.19995117188
1992-05-06,2698.69995117188
1992-05-07,2701.89990234375
1992-05-08,2725.69995117188
1992-05-11,2737.80004882812
1992-05-12,2722.39990234375
1992-05-13,2720.5
1992-05-14,2694.69995117188
1992-05-15,2682.60009765625
1992-05-18,2703.60009765625
1992-05-19,2700.60009765625
1992-05-20,2711.89990234375
1992-05-21,2702
1992-05-22,2715
1992-05-25,NA
1992-05-26,2704.60009765625
1992-05-27,2698.60009765625
1992-05-28,2694.19995117188
1992-05-29,2707.60009765625
1992-06-01,2697.60009765625
1992-06-02,2705.89990234375
1992-06-03,2680.89990234375
1992-06-04,2681.89990234375
1992-06-05,2668.5
1992-06-08,2645.80004882812
1992-06-09,2635.39990234375
1992-06-10,2636.10009765625
1992-06-11,2614.10009765625
1992-06-12,2603.69995117188
1992-06-15,2593.60009765625
1992-06-16,2616.30004882812
1992-06-17,2598.39990234375
1992-06-18,2562.69995117188
1992-06-19,2584.80004882812
1992-06-22,2550.30004882812
1992-06-23,2560.60009765625
1992-06-24,2532.60009765625
1992-06-25,2557.30004882812
1992-06-26,2534.10009765625
1992-06-29,2515.80004882812
1992-06-30,2521.19995117188
1992-07-01,2493.89990234375
1992-07-02,2476.10009765625
1992-07-03,2497.10009765625
1992-07-06,2469
1992-07-07,2493.69995117188
1992-07-08,2472.60009765625
1992-07-09,2497.89990234375
1992-07-10,2490.80004882812
1992-07-13,2478.30004882812
1992-07-14,2484
1992-07-15,2486.39990234375
1992-07-16,2483.39990234375
1992-07-17,2431.89990234375
1992-07-20,2403.69995117188
1992-07-21,2415.60009765625
1992-07-22,2387.89990234375
1992-07-23,2399.5
1992-07-24,2377.19995117188
1992-07-27,2348
1992-07-28,2373.39990234375
1992-07-29,2423.19995117188
1992-07-30,2411.60009765625
1992-07-31,2399.60009765625
1992-08-03,2420.19995117188
1992-08-04,2407.5
1992-08-05,2392.80004882812
1992-08-06,2377.60009765625
1992-08-07,2350.10009765625
1992-08-10,2325.69995117188
1992-08-11,2309.60009765625
1992-08-12,2303.10009765625
1992-08-13,2318
1992-08-14,2356.80004882812
1992-08-17,2376.10009765625
1992-08-18,2354.69995117188
1992-08-19,2363.5
1992-08-20,2359.39990234375
1992-08-21,2365.69995117188
1992-08-24,2311.10009765625
1992-08-25,2281
1992-08-26,2285
1992-08-27,2311.60009765625
1992-08-28,2312.60009765625
1992-08-31,NA
1992-09-01,2298.39990234375
1992-09-02,2313
1992-09-03,2381.89990234375
1992-09-04,2362.19995117188
1992-09-07,2372.19995117188
1992-09-08,2337.69995117188
1992-09-09,2327.5
1992-09-10,2340.60009765625
1992-09-11,2370.89990234375
1992-09-14,2422.10009765625
1992-09-15,2370
1992-09-16,2378.30004882812
1992-09-17,2483.89990234375
1992-09-18,2567
1992-09-21,2560.10009765625
1992-09-22,2586
1992-09-23,2580.5
1992-09-24,2621.19995117188
1992-09-25,2601
1992-09-28,2560
1992-09-29,2565.5
1992-09-30,2553
1992-10-01,2572.30004882812
1992-10-02,2549.69995117188
1992-10-05,2446.30004882812
1992-10-06,2488.39990234375
1992-10-07,2517.10009765625
1992-10-08,2538.80004882812
1992-10-09,2541.19995117188
1992-10-12,2557.19995117188
1992-10-13,2584.69995117188
1992-10-14,2574.69995117188
1992-10-15,2546.60009765625
1992-10-16,2563.89990234375
1992-10-19,2562.19995117188
1992-10-20,2617
1992-10-21,2645.69995117188
1992-10-22,2658.10009765625
1992-10-23,2669.69995117188
1992-10-26,2661.60009765625
1992-10-27,2669.80004882812
1992-10-28,2650.39990234375
1992-10-29,2642.30004882812
1992-10-30,2658.30004882812
1992-11-02,2687.80004882812
1992-11-03,2705.60009765625
1992-11-04,2691.69995117188
1992-11-05,2711.10009765625
1992-11-06,2702.69995117188
1992-11-09,2695.39990234375
1992-11-10,2714.60009765625
1992-11-11,2696.80004882812
1992-11-12,2726.39990234375
1992-11-13,2697.5
1992-11-16,2679.60009765625
1992-11-17,2679.19995117188
1992-11-18,2704
1992-11-19,2706.19995117188
1992-11-20,2732.39990234375
1992-11-23,2722.89990234375
1992-11-24,2727.10009765625
1992-11-25,2709.60009765625
1992-11-26,NA
1992-11-27,2760.10009765625
1992-11-30,2778.80004882812
1992-12-01,2792
1992-12-02,2764.10009765625
1992-12-03,2771
1992-12-04,2759.39990234375
1992-12-07,2754.5
1992-12-08,2769.80004882812
1992-12-09,2750.69995117188
1992-12-10,2726.5
1992-12-11,2716.19995117188
1992-12-14,2721.80004882812
1992-12-15,2717.89990234375
1992-12-16,2732.80004882812
1992-12-17,2740.30004882812
1992-12-18,2789.69995117188
1992-12-21,2807.69995117188
1992-12-22,2842
1992-12-23,2827.39990234375
1992-12-24,2827.5
1992-12-25,NA
1992-12-28,NA
1992-12-29,2847.80004882812
1992-12-30,2832.5
1992-12-31,2846.5
1993-01-01,NA
1993-01-04,2861.5
1993-01-05,2833.60009765625
1993-01-06,2826
1993-01-07,2816.5
1993-01-08,2799.19995117188
1993-01-11,2773.39990234375
1993-01-12,2757.89990234375
1993-01-13,2745.30004882812
1993-01-14,2759.19995117188
1993-01-15,2765.10009765625
1993-01-18,2763.10009765625
1993-01-19,2737.60009765625
1993-01-20,2748.69995117188
1993-01-21,2773.30004882812
1993-01-22,2781.19995117188
1993-01-25,2771.89990234375
1993-01-26,2835.69995117188
1993-01-27,2832.5
1993-01-28,2816.89990234375
1993-01-29,2807.19995117188
1993-02-01,2851.60009765625
1993-02-02,2834.39990234375
1993-02-03,2873.80004882812
1993-02-04,2865.89990234375
1993-02-05,2862.89990234375
1993-02-08,2870
1993-02-09,2831.30004882812
1993-02-10,2816.39990234375
1993-02-11,2834.30004882812
1993-02-12,2843
1993-02-15,2845.89990234375
1993-02-16,2812.19995117188
1993-02-17,2814
1993-02-18,2837.69995117188
1993-02-19,2840
1993-02-22,2838.30004882812
1993-02-23,2818
1993-02-24,2817
1993-02-25,2828.69995117188
1993-02-26,2868
1993-03-01,2882.60009765625
1993-03-02,2882.30004882812
1993-03-03,2918.60009765625
1993-03-04,2904.80004882812
1993-03-05,2922.10009765625
1993-03-08,2957.30004882812
1993-03-09,2949.89990234375
1993-03-10,2956.69995117188
1993-03-11,2953.39990234375
1993-03-12,2915.89990234375
1993-03-15,2922.39990234375
1993-03-16,2919.30004882812
1993-03-17,2889.89990234375
1993-03-18,2879.69995117188
1993-03-19,2900.10009765625
1993-03-22,2863.89990234375
1993-03-23,2861.10009765625
1993-03-24,2860.60009765625
1993-03-25,2852.80004882812
1993-03-26,2852.89990234375
1993-03-29,2846.5
1993-03-30,2861
1993-03-31,2878.69995117188
1993-04-01,2878.39990234375
1993-04-02,2869.89990234375
1993-04-05,2838.80004882812
1993-04-06,2832.19995117188
1993-04-07,2822.10009765625
1993-04-08,2821.80004882812
1993-04-09,NA
1993-04-12,NA
1993-04-13,2846.80004882812
1993-04-14,2842.10009765625
1993-04-15,2839.69995117188
1993-04-16,2824.39990234375
1993-04-19,2830
1993-04-20,2856.10009765625
1993-04-21,2869.60009765625
1993-04-22,2881.10009765625
1993-04-23,2843.80004882812
1993-04-26,2822.30004882812
1993-04-27,2832.69995117188
1993-04-28,2797.30004882812
1993-04-29,2786.80004882812
1993-04-30,2813.10009765625
1993-05-03,NA
1993-05-04,2812.60009765625
1993-05-05,2796.5
1993-05-06,2786.30004882812
1993-05-07,2793.69995117188
1993-05-10,2829.80004882812
1993-05-11,2836.10009765625
1993-05-12,2860.80004882812
1993-05-13,2849.30004882812
1993-05-14,2847
1993-05-17,2858.10009765625
1993-05-18,2847.30004882812
1993-05-19,2819.69995117188
1993-05-20,2816.80004882812
1993-05-21,2812.19995117188
1993-05-24,2825.60009765625
1993-05-25,2837.69995117188
1993-05-26,2846.89990234375
1993-05-27,2855.30004882812
1993-05-28,2840.69995117188
1993-05-31,NA
1993-06-01,2849.19995117188
1993-06-02,2863
1993-06-03,2852.80004882812
1993-06-04,2829.89990234375
1993-06-07,2844.80004882812
1993-06-08,2844.39990234375
1993-06-09,2866.89990234375
1993-06-10,2860
1993-06-11,2861.80004882812
1993-06-14,2885.5
1993-06-15,2870
1993-06-16,2883
1993-06-17,2875.69995117188
1993-06-18,2879.39990234375
1993-06-21,2903.39990234375
1993-06-22,2907.60009765625
1993-06-23,2900.69995117188
1993-06-24,2894.69995117188
1993-06-25,2887.5
1993-06-28,2897
1993-06-29,2886
1993-06-30,2900
1993-07-01,2888.80004882812
1993-07-02,2857.69995117188
1993-07-05,2838.5
1993-07-06,2848.10009765625
1993-07-07,2848.30004882812
1993-07-08,2845.89990234375
1993-07-09,2843.19995117188
1993-07-12,2830.89990234375
1993-07-13,2837.10009765625
1993-07-14,2832.30004882812
1993-07-15,2831.69995117188
1993-07-16,2833
1993-07-19,2842.89990234375
1993-07-20,2823.89990234375
1993-07-21,2814.10009765625
1993-07-22,2820.10009765625
1993-07-23,2827.69995117188
1993-07-26,2844.19995117188
1993-07-27,2879.39990234375
1993-07-28,2884.19995117188
1993-07-29,2917.60009765625
1993-07-30,2926.5
1993-08-02,2941.69995117188
1993-08-03,2945
1993-08-04,2941.30004882812
1993-08-05,2943.39990234375
1993-08-06,2969.80004882812
1993-08-09,2986.39990234375
1993-08-10,2971.60009765625
1993-08-11,3006.10009765625
1993-08-12,3009.10009765625
1993-08-13,3010.10009765625
1993-08-16,3008.30004882812
1993-08-17,3025
1993-08-18,3073.60009765625
1993-08-19,3065.5
1993-08-20,3057.60009765625
1993-08-23,3042
1993-08-24,3049.30004882812
1993-08-25,3079.19995117188
1993-08-26,3079.19995117188
1993-08-27,3100.60009765625
1993-08-30,NA
1993-08-31,3100
1993-09-01,3085.10009765625
1993-09-02,3072.60009765625
1993-09-03,3057.30004882812
1993-09-06,3059
1993-09-07,3038.60009765625
1993-09-08,3035.39990234375
1993-09-09,3031.19995117188
1993-09-10,3037
1993-09-13,3024.80004882812
1993-09-14,3028
1993-09-15,2989.39990234375
1993-09-16,3003.89990234375
1993-09-17,3005.5
1993-09-20,3004.5
1993-09-21,3001.60009765625
1993-09-22,3007.5
1993-09-23,3001.30004882812
1993-09-24,3005.19995117188
1993-09-27,3026.30004882812
1993-09-28,3036.89990234375
1993-09-29,3030.10009765625
1993-09-30,3037.5
1993-10-01,3037.5
1993-10-04,3067.69995117188
1993-10-05,3085.19995117188
1993-10-06,3100.80004882812
1993-10-07,3092.39990234375
1993-10-08,3108.60009765625
1993-10-11,3102.19995117188
1993-10-12,3094.69995117188
1993-10-13,3080.89990234375
1993-10-14,3086.30004882812
1993-10-15,3120.80004882812
1993-10-18,3137.60009765625
1993-10-19,3129.60009765625
1993-10-20,3156.30004882812
1993-10-21,3188.30004882812
1993-10-22,3199
1993-10-25,3184.80004882812
1993-10-26,3165.30004882812
1993-10-27,3154.30004882812
1993-10-28,3163
1993-10-29,3171
1993-11-01,3164.39990234375
1993-11-02,3164.10009765625
1993-11-03,3162.30004882812
1993-11-04,3149
1993-11-05,3085.60009765625
1993-11-08,3077.60009765625
1993-11-09,3096
1993-11-10,3098.5
1993-11-11,3099.69995117188
1993-11-12,3099.10009765625
1993-11-15,3093.30004882812
1993-11-16,3097.5
1993-11-17,3120
1993-11-18,3125.5
1993-11-19,3108
1993-11-22,3070.60009765625
1993-11-23,3069.30004882812
1993-11-24,3067.19995117188
1993-11-25,3093.10009765625
1993-11-26,3111.39990234375
1993-11-29,3135.80004882812
1993-11-30,3166.89990234375
1993-12-01,3233.19995117188
1993-12-02,3223.89990234375
1993-12-03,3234.19995117188
1993-12-06,3237.30004882812
1993-12-07,3237.30004882812
1993-12-08,3277.39990234375
1993-12-09,3271.60009765625
1993-12-10,3261.30004882812
1993-12-13,3254.60009765625
1993-12-14,3248.39990234375
1993-12-15,3278.80004882812
1993-12-16,3311.19995117188
1993-12-17,3337.10009765625
1993-12-20,3364.89990234375
1993-12-21,3342.39990234375
1993-12-22,3355.69995117188
1993-12-23,3396.5
1993-12-24,3412.30004882812
1993-12-27,NA
1993-12-28,NA
1993-12-29,3462
1993-12-30,3428.80004882812
1993-12-31,3418.39990234375
1994-01-03,NA
1994-01-04,3408.5
1994-01-05,3379.19995117188
1994-01-06,3403
1994-01-07,3446
1994-01-10,3440.60009765625
1994-01-11,3413.80004882812
1994-01-12,3372
1994-01-13,3360
1994-01-14,3400.60009765625
1994-01-17,3407.80004882812
1994-01-18,3437
1994-01-19,3475.10009765625
1994-01-20,3470
1994-01-21,3484.19995117188
1994-01-24,3481.39990234375
1994-01-25,3444
1994-01-26,3436.10009765625
1994-01-27,3427.30004882812
1994-01-28,3447.39990234375
1994-01-31,3491.80004882812
1994-02-01,3481.5
1994-02-02,3520.30004882812
1994-02-03,3491.5
1994-02-04,3475.39990234375
1994-02-07,3419.10009765625
1994-02-08,3440.19995117188
1994-02-09,3429.10009765625
1994-02-10,3407
1994-02-11,3378.89990234375
1994-02-14,3363.5
1994-02-15,3393.19995117188
1994-02-16,3417.69995117188
1994-02-17,3425.30004882812
1994-02-18,3382.60009765625
1994-02-21,3350.30004882812
1994-02-22,3333.69995117188
1994-02-23,3341.89990234375
1994-02-24,3267.5
1994-02-25,3281.19995117188
1994-02-28,3328.10009765625
1994-03-01,3270.60009765625
1994-03-02,3248.10009765625
1994-03-03,3246.5
1994-03-04,3278
1994-03-07,3305.89990234375
1994-03-08,3264.39990234375
1994-03-09,3246.69995117188
1994-03-10,3233.89990234375
1994-03-11,3191.89990234375
1994-03-14,3233.39990234375
1994-03-15,3267.39990234375
1994-03-16,3242.89990234375
1994-03-17,3255.69995117188
1994-03-18,3218.10009765625
1994-03-21,3198
1994-03-22,3201.5
1994-03-23,3155.30004882812
1994-03-24,3121.69995117188
1994-03-25,3129
1994-03-28,3129.5
1994-03-29,3123.39990234375
1994-03-30,3092.39990234375
1994-03-31,3086.39990234375
1994-04-01,NA
1994-04-04,NA
1994-04-05,3116.19995117188
1994-04-06,3131.5
1994-04-07,3129
1994-04-08,3120.80004882812
1994-04-11,3149.39990234375
1994-04-12,3159.10009765625
1994-04-13,3145.80004882812
1994-04-14,3131.69995117188
1994-04-15,3168.30004882812
1994-04-18,3138.19995117188
1994-04-19,3128
1994-04-20,3098.30004882812
1994-04-21,3101.19995117188
1994-04-22,3133.69995117188
1994-04-25,3106.10009765625
1994-04-26,3125.30004882812
1994-04-27,3150
1994-04-28,3129.89990234375
1994-04-29,3125.30004882812
1994-05-02,NA
1994-05-03,3100
1994-05-04,3070.5
1994-05-05,3106
1994-05-06,3106
1994-05-09,3097.80004882812
1994-05-10,3136.30004882812
1994-05-11,3130.5
1994-05-12,3137.80004882812
1994-05-13,3119.19995117188
1994-05-16,3115.60009765625
1994-05-17,3123.5
1994-05-18,3116.5
1994-05-19,3122.80004882812
1994-05-20,3127.30004882812
1994-05-23,3108.39990234375
1994-05-24,3089.10009765625
1994-05-25,3020.69995117188
1994-05-26,3019.69995117188
1994-05-27,2966.39990234375
1994-05-30,NA
1994-05-31,2970.5
1994-06-01,2931.89990234375
1994-06-02,2980.80004882812
1994-06-03,2997.80004882812
1994-06-06,3009.39990234375
1994-06-07,3004.80004882812
1994-06-08,3038.19995117188
1994-06-09,3028.89990234375
1994-06-10,3055.89990234375
1994-06-13,3016.30004882812
1994-06-14,3039.60009765625
1994-06-15,3045.80004882812
1994-06-16,3030.10009765625
1994-06-17,3022.89990234375
1994-06-20,2971.10009765625
1994-06-21,2940.19995117188
1994-06-22,2960.39990234375
1994-06-23,2942.39990234375
1994-06-24,2876.60009765625
1994-06-27,2899.89990234375
1994-06-28,2909
1994-06-29,2946.30004882812
1994-06-30,2919.19995117188
1994-07-01,2936.39990234375
1994-07-04,2970.39990234375
1994-07-05,2965
1994-07-06,2946.69995117188
1994-07-07,2964.39990234375
1994-07-08,2962.39990234375
1994-07-11,2983.80004882812
1994-07-12,2963.89990234375
1994-07-13,3005.30004882812
1994-07-14,3050.39990234375
1994-07-15,3074.80004882812
1994-07-18,3082
1994-07-19,3091.30004882812
1994-07-20,3077.19995117188
1994-07-21,3095.10009765625
1994-07-22,3114.69995117188
1994-07-25,3106.10009765625
1994-07-26,3117.19995117188
1994-07-27,3082.30004882812
1994-07-28,3095.89990234375
1994-07-29,3082.60009765625
1994-08-01,3097.39990234375
1994-08-02,3157.5
1994-08-03,3160.39990234375
1994-08-04,3150.5
1994-08-05,3167.5
1994-08-08,3171.89990234375
1994-08-09,3168.60009765625
1994-08-10,3167
1994-08-11,3138.19995117188
1994-08-12,3142.30004882812
1994-08-15,3142.19995117188
1994-08-16,3147.30004882812
1994-08-17,3190.30004882812
1994-08-18,3182.60009765625
1994-08-19,3191.39990234375
1994-08-22,3171.30004882812
1994-08-23,3175.10009765625
1994-08-24,3205.19995117188
1994-08-25,3234.19995117188
1994-08-26,3265.10009765625
1994-08-29,NA
1994-08-30,3249.60009765625
1994-08-31,3251.30004882812
1994-09-01,3216.5
1994-09-02,3222.69995117188
1994-09-05,3241.5
1994-09-06,3205.39990234375
1994-09-07,3203.89990234375
1994-09-08,3180
1994-09-09,3139.30004882812
1994-09-12,3128.80004882812
1994-09-13,3121.39990234375
1994-09-14,3079.80004882812
1994-09-15,3112.69995117188
1994-09-16,3065.10009765625
1994-09-19,3079.10009765625
1994-09-20,3037.30004882812
1994-09-21,3014.80004882812
1994-09-22,3021.19995117188
1994-09-23,3028.19995117188
1994-09-26,2999.80004882812
1994-09-27,3008.5
1994-09-28,3038.69995117188
1994-09-29,2992.5
1994-09-30,3026.30004882812
1994-10-03,2983.5
1994-10-04,3001.80004882812
1994-10-05,2956.30004882812
1994-10-06,2984.39990234375
1994-10-07,2998.69995117188
1994-10-10,3032.30004882812
1994-10-11,3073
1994-10-12,3100.5
1994-10-13,3141.89990234375
1994-10-14,3106.69995117188
1994-10-17,3120.19995117188
1994-10-18,3085.30004882812
1994-10-19,3060.80004882812
1994-10-20,3063.19995117188
1994-10-21,3032.80004882812
1994-10-24,3029.10009765625
1994-10-25,3000.89990234375
1994-10-26,2999.89990234375
1994-10-27,3029.60009765625
1994-10-28,3083.80004882812
1994-10-31,3097.39990234375
1994-11-01,3096.30004882812
1994-11-02,3081.30004882812
1994-11-03,3104.39990234375
1994-11-04,3097.60009765625
1994-11-07,3065.80004882812
1994-11-08,3063.80004882812
1994-11-09,3099.60009765625
1994-11-10,3103.5
1994-11-11,3075.89990234375
1994-11-14,3095.30004882812
1994-11-15,3135.39990234375
1994-11-16,3146.5
1994-11-17,3127.5
1994-11-18,3131
1994-11-21,3121
1994-11-22,3078.69995117188
1994-11-23,3027.5
1994-11-24,3036.60009765625
1994-11-25,3033.5
1994-11-28,3047.10009765625
1994-11-29,3061.10009765625
1994-11-30,3081.39990234375
1994-12-01,3039.60009765625
1994-12-02,3017.30004882812
1994-12-05,3033.5
1994-12-06,3016.10009765625
1994-12-07,3012.5
1994-12-08,3013.80004882812
1994-12-09,2977.30004882812
1994-12-12,2943.39990234375
1994-12-13,2946.39990234375
1994-12-14,2980.60009765625
1994-12-15,2973.39990234375
1994-12-16,3013.60009765625
1994-12-19,3034.39990234375
1994-12-20,3058.10009765625
1994-12-21,3070.39990234375
1994-12-22,3091.69995117188
1994-12-23,3083.39990234375
1994-12-26,NA
1994-12-27,NA
1994-12-28,3095.80004882812
1994-12-29,3065.60009765625
1994-12-30,3065.5
1995-01-02,NA
1995-01-03,3065.69995117188
1995-01-04,3051.60009765625
1995-01-05,3032.30004882812
1995-01-06,3065
1995-01-09,3055.80004882812
1995-01-10,3060.39990234375
1995-01-11,3049.39990234375
1995-01-12,3033.19995117188
1995-01-13,3048.30004882812
1995-01-16,3076.69995117188
1995-01-17,3054.39990234375
1995-01-18,3054.89990234375
1995-01-19,3028.60009765625
1995-01-20,2995
1995-01-23,2954.19995117188
1995-01-24,2969
1995-01-25,2982.19995117188
1995-01-26,3007.30004882812
1995-01-27,3022.19995117188
1995-01-30,2995.89990234375
1995-01-31,2991.60009765625
1995-02-01,3017.30004882812
1995-02-02,3034.69995117188
1995-02-03,3059.69995117188
1995-02-06,3062
1995-02-07,3072.69995117188
1995-02-08,3072.5
1995-02-09,3099
1995-02-10,3109.89990234375
1995-02-13,3081.10009765625
1995-02-14,3071.30004882812
1995-02-15,3074.89990234375
1995-02-16,3051.10009765625
1995-02-17,3044.19995117188
1995-02-20,3018.60009765625
1995-02-21,3023.39990234375
1995-02-22,3019.5
1995-02-23,3049.30004882812
1995-02-24,3037.69995117188
1995-02-27,3025.30004882812
1995-02-28,3009.30004882812
1995-03-01,3041.19995117188
1995-03-02,3038.19995117188
1995-03-03,3025.10009765625
1995-03-06,3001.89990234375
1995-03-07,2977
1995-03-08,2992.10009765625
1995-03-09,2986.89990234375
1995-03-10,3021.10009765625
1995-03-13,3011.80004882812
1995-03-14,3050.60009765625
1995-03-15,3047
1995-03-16,3094.10009765625
1995-03-17,3089.30004882812
1995-03-20,3124.19995117188
1995-03-21,3135
1995-03-22,3139.69995117188
1995-03-23,3136.39990234375
1995-03-24,3153.39990234375
1995-03-27,3149.80004882812
1995-03-28,3128.30004882812
1995-03-29,3142.30004882812
1995-03-30,3176.19995117188
1995-03-31,3137.89990234375
1995-04-03,3143.10009765625
1995-04-04,3188.10009765625
1995-04-05,3190.19995117188
1995-04-06,3200.89990234375
1995-04-07,3210.89990234375
1995-04-10,3204.19995117188
1995-04-11,3190.89990234375
1995-04-12,3209.80004882812
1995-04-13,3208.80004882812
1995-04-14,NA
1995-04-17,NA
1995-04-18,3194.5
1995-04-19,3170.10009765625
1995-04-20,3174.69995117188
1995-04-21,3199.89990234375
1995-04-24,3209.30004882812
1995-04-25,3214.89990234375
1995-04-26,3226.19995117188
1995-04-27,3217.60009765625
1995-04-28,3216.69995117188
1995-05-01,3220.39990234375
1995-05-02,3248.19995117188
1995-05-03,3262.60009765625
1995-05-04,3264.30004882812
1995-05-05,3251.69995117188
1995-05-08,NA
1995-05-09,3261.19995117188
1995-05-10,3290.10009765625
1995-05-11,3317.89990234375
1995-05-12,3310.30004882812
1995-05-15,3310.69995117188
1995-05-16,3300.80004882812
1995-05-17,3297.39990234375
1995-05-18,3285.80004882812
1995-05-19,3261
1995-05-22,3284.5
1995-05-23,3291.80004882812
1995-05-24,3327.30004882812
1995-05-25,3328.19995117188
1995-05-26,3311.10009765625
1995-05-29,NA
1995-05-30,3309.89990234375
1995-05-31,3319.39990234375
1995-06-01,3340.60009765625
1995-06-02,3345
1995-06-05,3376.60009765625
1995-06-06,3380
1995-06-07,3370.80004882812
1995-06-08,3380.80004882812
1995-06-09,3337.69995117188
1995-06-12,3344.60009765625
1995-06-13,3348
1995-06-14,3339.80004882812
1995-06-15,3370.39990234375
1995-06-16,3366.10009765625
1995-06-19,3381.30004882812
1995-06-20,3377.19995117188
1995-06-21,3378.30004882812
1995-06-22,3403.80004882812
1995-06-23,3379.39990234375
1995-06-26,3309.19995117188
1995-06-27,3313.19995117188
1995-06-28,3282.69995117188
1995-06-29,3294
1995-06-30,3314.60009765625
1995-07-03,3323.69995117188
1995-07-04,3349.19995117188
1995-07-05,3394.89990234375
1995-07-06,3388.30004882812
1995-07-07,3462.89990234375
1995-07-10,3455
1995-07-11,3464
1995-07-12,3450.60009765625
1995-07-13,3447.19995117188
1995-07-14,3429.19995117188
1995-07-17,3442.60009765625
1995-07-18,3420.69995117188
1995-07-19,3405.30004882812
1995-07-20,3400.39990234375
1995-07-21,3413.10009765625
1995-07-24,3431.60009765625
1995-07-25,3432.89990234375
1995-07-26,3454.30004882812
1995-07-27,3458.30004882812
1995-07-28,3468.89990234375
1995-07-31,3463.30004882812
1995-08-01,3449.89990234375
1995-08-02,3499.89990234375
1995-08-03,3475.60009765625
1995-08-04,3482.39990234375
1995-08-07,3483.5
1995-08-08,3468.80004882812
1995-08-09,3468.30004882812
1995-08-10,3474.69995117188
1995-08-11,3467.5
1995-08-14,3441.39990234375
1995-08-15,3444.39990234375
1995-08-16,3465.10009765625
1995-08-17,3470.60009765625
1995-08-18,3509.80004882812
1995-08-21,3535.69995117188
1995-08-22,3530.19995117188
1995-08-23,3515.89990234375
1995-08-24,3520
1995-08-25,3524.89990234375
1995-08-28,NA
1995-08-29,3502.60009765625
1995-08-30,3504
1995-08-31,3477.80004882812
1995-09-01,3509.39990234375
1995-09-04,3522.69995117188
1995-09-05,3532.39990234375
1995-09-06,3557.69995117188
1995-09-07,3545.60009765625
1995-09-08,3554.5
1995-09-11,3549.30004882812
1995-09-12,3535.89990234375
1995-09-13,3570.80004882812
1995-09-14,3565.39990234375
1995-09-15,3564.60009765625
1995-09-18,3533.30004882812
1995-09-19,3541.39990234375
1995-09-20,3561.5
1995-09-21,3557.89990234375
1995-09-22,3514.80004882812
1995-09-25,3507
1995-09-26,3523.30004882812
1995-09-27,3485
1995-09-28,3479
1995-09-29,3508.19995117188
1995-10-02,3520.19995117188
1995-10-03,3524.19995117188
1995-10-04,3544.10009765625
1995-10-05,3544.39990234375
1995-10-06,3526.5
1995-10-09,3510.30004882812
1995-10-10,3460.10009765625
1995-10-11,3474.30004882812
1995-10-12,3523.80004882812
1995-10-13,3568
1995-10-16,3557.30004882812
1995-10-17,3562.19995117188
1995-10-18,3593
1995-10-19,3578.60009765625
1995-10-20,3551.39990234375
1995-10-23,3531.5
1995-10-24,3535.30004882812
1995-10-25,3537.80004882812
1995-10-26,3519.60009765625
1995-10-27,3497.89990234375
1995-10-30,3510
1995-10-31,3529.10009765625
1995-11-01,3518.69995117188
1995-11-02,3523
1995-11-03,3500.39990234375
1995-11-06,3514.80004882812
1995-11-07,3522.39990234375
1995-11-08,3537.10009765625
1995-11-09,3541.60009765625
1995-11-10,3523.39990234375
1995-11-13,3536.80004882812
1995-11-14,3547.89990234375
1995-11-15,3571.39990234375
1995-11-16,3610.80004882812
1995-11-17,3609.19995117188
1995-11-20,3628.80004882812
1995-11-21,3604.10009765625
1995-11-22,3632.39990234375
1995-11-23,3602.5
1995-11-24,3624
1995-11-27,3649
1995-11-28,3648.80004882812
1995-11-29,3655.5
1995-11-30,3664.30004882812
1995-12-01,3680.39990234375
1995-12-04,3669.69995117188
1995-12-05,3664.19995117188
1995-12-06,3662.80004882812
1995-12-07,3639.5
1995-12-08,3630
1995-12-11,3652.10009765625
1995-12-12,3654.89990234375
1995-12-13,3662.39990234375
1995-12-14,3671.60009765625
1995-12-15,3642.60009765625
1995-12-18,3596.10009765625
1995-12-19,3576.89990234375
1995-12-20,3613.69995117188
1995-12-21,3633.30004882812
1995-12-22,3658.30004882812
1995-12-25,NA
1995-12-26,NA
1995-12-27,3676.39990234375
1995-12-28,3676.69995117188
1995-12-29,3689.30004882812
1996-01-01,NA
1996-01-02,3687.89990234375
1996-01-03,3715.60009765625
1996-01-04,3714.10009765625
1996-01-05,3704.5
1996-01-08,3720.60009765625
1996-01-09,3700.30004882812
1996-01-10,3671.5
1996-01-11,3654.89990234375
1996-01-12,3657.30004882812
1996-01-15,3662.69995117188
1996-01-16,3710.60009765625
1996-01-17,3704.19995117188
1996-01-18,3748.69995117188
1996-01-19,3748.39990234375
1996-01-22,3754.19995117188
1996-01-23,3735
1996-01-24,3758.19995117188
1996-01-25,3734.19995117188
1996-01-26,3734.69995117188
1996-01-29,3734.60009765625
1996-01-30,3735.30004882812
1996-01-31,3759.30004882812
1996-02-01,3752.80004882812
1996-02-02,3781.30004882812
1996-02-05,3746.60009765625
1996-02-06,3747.5
1996-02-07,3726.10009765625
1996-02-08,3708.39990234375
1996-02-09,3716.30004882812
1996-02-12,3726.60009765625
1996-02-13,3747.60009765625
1996-02-14,3745
1996-02-15,3779.80004882812
1996-02-16,3770.89990234375
1996-02-19,3744.30004882812
1996-02-20,3714.60009765625
1996-02-21,3725.60009765625
1996-02-22,3740
1996-02-23,3740.30004882812
1996-02-26,3704.19995117188
1996-02-27,3715.89990234375
1996-02-28,3738.19995117188
1996-02-29,3727.60009765625
1996-03-01,3752.69995117188
1996-03-04,3768.60009765625
1996-03-05,3777.10009765625
1996-03-06,3758.89990234375
1996-03-07,3758.19995117188
1996-03-08,3710.30004882812
1996-03-11,3674.5
1996-03-12,3639.5
1996-03-13,3640.30004882812
1996-03-14,3681.80004882812
1996-03-15,3644.80004882812
1996-03-18,3669.60009765625
1996-03-19,3693
1996-03-20,3685.39990234375
1996-03-21,3698.30004882812
1996-03-22,3707
1996-03-25,3681.89990234375
1996-03-26,3660.89990234375
1996-03-27,3672.39990234375
1996-03-28,3672.60009765625
1996-03-29,3699.69995117188
1996-04-01,3718.39990234375
1996-04-02,3728.5
1996-04-03,3725.10009765625
1996-04-04,3755.60009765625
1996-04-05,NA
1996-04-08,NA
1996-04-09,3758.60009765625
1996-04-10,3767.39990234375
1996-04-11,3744.19995117188
1996-04-12,3766.80004882812
1996-04-15,3790.5
1996-04-16,3825.30004882812
1996-04-17,3805.60009765625
1996-04-18,3820.69995117188
1996-04-19,3857.10009765625
1996-04-22,3852.69995117188
1996-04-23,3833
1996-04-24,3817.60009765625
1996-04-25,3819.30004882812
1996-04-26,3832.80004882812
1996-04-29,3809.19995117188
1996-04-30,3817.89990234375
1996-05-01,3806
1996-05-02,3776.39990234375
1996-05-03,3751.60009765625
1996-05-06,NA
1996-05-07,3723
1996-05-08,3707.30004882812
1996-05-09,3728.30004882812
1996-05-10,3754.39990234375
1996-05-13,3739.19995117188
1996-05-14,3759.69995117188
1996-05-15,3776.19995117188
1996-05-16,3753.60009765625
1996-05-17,3789.60009765625
1996-05-20,3778.19995117188
1996-05-21,3789.39990234375
1996-05-22,3764.19995117188
1996-05-23,3747
1996-05-24,3752.10009765625
1996-05-27,NA
1996-05-28,3760.19995117188
1996-05-29,3775.69995117188
1996-05-30,3746.69995117188
1996-05-31,3747.80004882812
1996-06-03,3739.19995117188
1996-06-04,3755.19995117188
1996-06-05,3753.39990234375
1996-06-06,3760.30004882812
1996-06-07,3706.80004882812
1996-06-10,3728.80004882812
1996-06-11,3755.69995117188
1996-06-12,3769.19995117188
1996-06-13,3761.69995117188
1996-06-14,3753.60009765625
1996-06-17,3761.5
1996-06-18,3756.39990234375
1996-06-19,3753.19995117188
1996-06-20,3727.5
1996-06-21,3722.30004882812
1996-06-24,3710.80004882812
1996-06-25,3679.5
1996-06-26,3695.5
1996-06-27,3678.80004882812
1996-06-28,3711
1996-07-01,3725.60009765625
1996-07-02,3725.69995117188
1996-07-03,3714.10009765625
1996-07-04,3760.60009765625
1996-07-05,3743.19995117188
1996-07-08,3741.5
1996-07-09,3752.30004882812
1996-07-10,3765.80004882812
1996-07-11,3749
1996-07-12,3728.30004882812
1996-07-15,3698.30004882812
1996-07-16,3632.30004882812
1996-07-17,3658.19995117188
1996-07-18,3693.39990234375
1996-07-19,3710.5
1996-07-22,3681.30004882812
1996-07-23,3708.39990234375
1996-07-24,3668.80004882812
1996-07-25,3684.69995117188
1996-07-26,3673.30004882812
1996-07-29,3678.80004882812
1996-07-30,3668.5
1996-07-31,3703.19995117188
1996-08-01,3734.39990234375
1996-08-02,3770.60009765625
1996-08-05,3788.30004882812
1996-08-06,3788.39990234375
1996-08-07,3811.10009765625
1996-08-08,3811.39990234375
1996-08-09,3810.69995117188
1996-08-12,3803.30004882812
1996-08-13,3823.39990234375
1996-08-14,3830.30004882812
1996-08-15,3837.39990234375
1996-08-16,3872.89990234375
1996-08-19,3863.69995117188
1996-08-20,3883.19995117188
1996-08-21,3872.10009765625
1996-08-22,3891.10009765625
1996-08-23,3907.5
1996-08-26,NA
1996-08-27,3905.69995117188
1996-08-28,3918.69995117188
1996-08-29,3885
1996-08-30,3867.60009765625
1996-09-02,3884.39990234375
1996-09-03,3855.89990234375
1996-09-04,3872.69995117188
1996-09-05,3887.19995117188
1996-09-06,3893
1996-09-09,3910.80004882812
1996-09-10,3916.10009765625
1996-09-11,3905.60009765625
1996-09-12,3932.60009765625
1996-09-13,3967.89990234375
1996-09-16,3977.19995117188
1996-09-17,3972.30004882812
1996-09-18,3955.69995117188
1996-09-19,3974.30004882812
1996-09-20,3964.10009765625
1996-09-23,3919.69995117188
1996-09-24,3910.5
1996-09-25,3935.69995117188
1996-09-26,3933.19995117188
1996-09-27,3946.39990234375
1996-09-30,3953.69995117188
1996-10-01,3992.19995117188
1996-10-02,4015.10009765625
1996-10-03,4000
1996-10-04,4024.80004882812
1996-10-07,4031.5
1996-10-08,4035.60009765625
1996-10-09,4009.30004882812
1996-10-10,3994.69995117188
1996-10-11,4028.10009765625
1996-10-14,4038.69995117188
1996-10-15,4050.80004882812
1996-10-16,4024.39990234375
1996-10-17,4042.10009765625
1996-10-18,4053.10009765625
1996-10-21,4073.10009765625
1996-10-22,4057.19995117188
1996-10-23,4028.39990234375
1996-10-24,3999.39990234375
1996-10-25,4022.39990234375
1996-10-28,4025.30004882812
1996-10-29,3993.5
1996-10-30,3963.89990234375
1996-10-31,3979.10009765625
1996-11-01,3948.5
1996-11-04,3928.10009765625
1996-11-05,3921.10009765625
1996-11-06,3935.69995117188
1996-11-07,3900.39990234375
1996-11-08,3910.80004882812
1996-11-11,3914.39990234375
1996-11-12,3934.30004882812
1996-11-13,3926.89990234375
1996-11-14,3926.10009765625
1996-11-15,3958.19995117188
1996-11-18,3962.10009765625
1996-11-19,3978.10009765625
1996-11-20,3962.80004882812
1996-11-21,3953.80004882812
1996-11-22,4018.69995117188
1996-11-25,4054.60009765625
1996-11-26,4068.39990234375
1996-11-27,4049.19995117188
1996-11-28,4050.19995117188
1996-11-29,4058
1996-12-02,4038.5
1996-12-03,4061.5
1996-12-04,4045.19995117188
1996-12-05,4051.19995117188
1996-12-06,3963
1996-12-09,4011.60009765625
1996-12-10,4035.69995117188
1996-12-11,3982.5
1996-12-12,3990.69995117188
1996-12-13,3972.39990234375
1996-12-16,3993.80004882812
1996-12-17,3979.60009765625
1996-12-18,4018.19995117188
1996-12-19,4051.30004882812
1996-12-20,4077.60009765625
1996-12-23,4087.19995117188
1996-12-24,4092.5
1996-12-25,NA
1996-12-26,NA
1996-12-27,4091
1996-12-30,4115.7001953125
1996-12-31,4118.5
1997-01-01,NA
1997-01-02,4057.39990234375
1997-01-03,4089.5
1997-01-06,4106.5
1997-01-07,4078.80004882812
1997-01-08,4087.5
1997-01-09,4087
1997-01-10,4056.60009765625
1997-01-13,4107.2998046875
1997-01-14,4168.2001953125
1997-01-15,4158.89990234375
1997-01-16,4197.5
1997-01-17,4207.7001953125
1997-01-20,4194
1997-01-21,4195.5
1997-01-22,4219.10009765625
1997-01-23,4271.5
1997-01-24,4218.7998046875
1997-01-27,4212
1997-01-28,4237.39990234375
1997-01-29,4207.5
1997-01-30,4228.39990234375
1997-01-31,4275.7998046875
1997-02-03,4257.7998046875
1997-02-04,4260.89990234375
1997-02-05,4281.5
1997-02-06,4265.89990234375
1997-02-07,4307.7998046875
1997-02-10,4307.7001953125
1997-02-11,4304.2998046875
1997-02-12,4304.2998046875
1997-02-13,4327.10009765625
1997-02-14,4341
1997-02-17,4337.7998046875
1997-02-18,4332.2998046875
1997-02-19,4357.39990234375
1997-02-20,4356.10009765625
1997-02-21,4336.7998046875
1997-02-24,4331.10009765625
1997-02-25,4344.7001953125
1997-02-26,4329.2998046875
1997-02-27,4339.2001953125
1997-02-28,4308.2998046875
1997-03-03,4307.10009765625
1997-03-04,4357.7001953125
1997-03-05,4360.10009765625
1997-03-06,4399.2998046875
1997-03-07,4420.2998046875
1997-03-10,4437.39990234375
1997-03-11,4444.2998046875
1997-03-12,4422.5
1997-03-13,4397.7001953125
1997-03-14,4424.2998046875
1997-03-17,4373.2998046875
1997-03-18,4356.7998046875
1997-03-19,4332.2001953125
1997-03-20,4258.10009765625
1997-03-21,4254.7998046875
1997-03-24,4214.7998046875
1997-03-25,4270.7001953125
1997-03-26,4301.5
1997-03-27,4312.89990234375
1997-03-28,NA
1997-03-31,NA
1997-04-01,4248.10009765625
1997-04-02,4236.60009765625
1997-04-03,4214.60009765625
1997-04-04,4236.60009765625
1997-04-07,4271.7001953125
1997-04-08,4269.2998046875
1997-04-09,4292.2998046875
1997-04-10,4313.2001953125
1997-04-11,4270.7001953125
1997-04-14,4251.7001953125
1997-04-15,4286.7998046875
1997-04-16,4294.60009765625
1997-04-17,4298.89990234375
1997-04-18,4310.5
1997-04-21,4328.7001953125
1997-04-22,4346.10009765625
1997-04-23,4387.7001953125
1997-04-24,4388.5
1997-04-25,4369.7001953125
1997-04-28,4389.7001953125
1997-04-29,4433.2001953125
1997-04-30,4436
1997-05-01,4445
1997-05-02,4455.60009765625
1997-05-05,NA
1997-05-06,4519.2998046875
1997-05-07,4537.5
1997-05-08,4580.39990234375
1997-05-09,4630.89990234375
1997-05-12,4669.60009765625
1997-05-13,4691
1997-05-14,4686.89990234375
1997-05-15,4681.2001953125
1997-05-16,4693.89990234375
1997-05-19,4645.2001953125
1997-05-20,4607.5
1997-05-21,4642
1997-05-22,4651.7998046875
1997-05-23,4661.7998046875
1997-05-26,NA
1997-05-27,4681.60009765625
1997-05-28,4677.5
1997-05-29,4672.2998046875
1997-05-30,4621.2998046875
1997-06-02,4562.7998046875
1997-06-03,4557.7998046875
1997-06-04,4557.10009765625
1997-06-05,4576.2001953125
1997-06-06,4645
1997-06-09,4686.7001953125
1997-06-10,4739.60009765625
1997-06-11,4724.7998046875
1997-06-12,4757.39990234375
1997-06-13,4783.10009765625
1997-06-16,4745.10009765625
1997-06-17,4682.2001953125
1997-06-18,4657
1997-06-19,4653.7001953125
1997-06-20,4593.89990234375
1997-06-23,4575.7998046875
1997-06-24,4596.2998046875
1997-06-25,4640
1997-06-26,4657.89990234375
1997-06-27,4640.2998046875
1997-06-30,4604.60009765625
1997-07-01,4728.2998046875
1997-07-02,4751.39990234375
1997-07-03,4831.7001953125
1997-07-04,4812.7998046875
1997-07-07,4810.7001953125
1997-07-08,4758.5
1997-07-09,4762.39990234375
1997-07-10,4767.7998046875
1997-07-11,4799.5
1997-07-14,4857.39990234375
1997-07-15,4899.2998046875
1997-07-16,4964.2001953125
1997-07-17,4949
1997-07-18,4877.2001953125
1997-07-21,4805.7001953125
1997-07-22,4846.7001953125
1997-07-23,4874.5
1997-07-24,4862.89990234375
1997-07-25,4851.5
1997-07-28,4862.60009765625
1997-07-29,4876.60009765625
1997-07-30,4927.2998046875
1997-07-31,4907.5
1997-08-01,4899.2998046875
1997-08-04,4895.7001953125
1997-08-05,4960.60009765625
1997-08-06,5026.2001953125
1997-08-07,5086.7998046875
1997-08-08,5031.2998046875
1997-08-11,5031.89990234375
1997-08-12,5075.7998046875
1997-08-13,5003.60009765625
1997-08-14,4991.2998046875
1997-08-15,4865.7998046875
1997-08-18,4835
1997-08-19,4914.2001953125
1997-08-20,4958.39990234375
1997-08-21,4978
1997-08-22,4901.10009765625
1997-08-25,NA
1997-08-26,4886.2998046875
1997-08-27,4906.89990234375
1997-08-28,4845.39990234375
1997-08-29,4817.5
1997-09-01,4870.2001953125
1997-09-02,4952.2001953125
1997-09-03,4976.89990234375
1997-09-04,4991.2998046875
1997-09-05,4994.2001953125
1997-09-08,4985.2001953125
1997-09-09,4950.5
1997-09-10,4905.2001953125
1997-09-11,4854.7998046875
1997-09-12,4848.2001953125
1997-09-15,4902.89990234375
1997-09-16,4976.39990234375
1997-09-17,5013.10009765625
1997-09-18,5046.2001953125
1997-09-19,5023.7998046875
1997-09-22,5075.7001953125
1997-09-23,5027.5
1997-09-24,5077.2001953125
1997-09-25,5065.5
1997-09-26,5226.2998046875
1997-09-29,5220.2998046875
1997-09-30,5244.2001953125
1997-10-01,5317.10009765625
1997-10-02,5296.10009765625
1997-10-03,5330.7998046875
1997-10-06,5300
1997-10-07,5305.60009765625
1997-10-08,5262.10009765625
1997-10-09,5217.7998046875
1997-10-10,5227.2998046875
1997-10-13,5300.10009765625
1997-10-14,5298.89990234375
1997-10-15,5263.7001953125
1997-10-16,5287.89990234375
1997-10-17,5271.10009765625
1997-10-20,5211
1997-10-21,5225.89990234375
1997-10-22,5148.7998046875
1997-10-23,4991.5
1997-10-24,4970.2001953125
1997-10-27,4840.7001953125
1997-10-28,4755.39990234375
1997-10-29,4871.7998046875
1997-10-30,4801.89990234375
1997-10-31,4842.2998046875
1997-11-03,4906.39990234375
1997-11-04,4897.39990234375
1997-11-05,4908.2998046875
1997-11-06,4863.7998046875
1997-11-07,4764.39990234375
1997-11-10,4806.7998046875
1997-11-11,4793.7001953125
1997-11-12,4720.39990234375
1997-11-13,4711
1997-11-14,4741.7998046875
1997-11-17,4867
1997-11-18,4845.39990234375
1997-11-19,4830.10009765625
1997-11-20,4908.39990234375
1997-11-21,4985.7998046875
1997-11-24,4898.60009765625
1997-11-25,4863.5
1997-11-26,4891.2001953125
1997-11-27,4889
1997-11-28,4831.7998046875
1997-12-01,4921.7998046875
1997-12-02,4977.60009765625
1997-12-03,4970.7001953125
1997-12-04,5082.2998046875
1997-12-05,5142.89990234375
1997-12-08,5187.39990234375
1997-12-09,5177.10009765625
1997-12-10,5130.7001953125
1997-12-11,5035.89990234375
1997-12-12,5045.2001953125
1997-12-15,5121.7998046875
1997-12-16,5203.39990234375
1997-12-17,5190.7998046875
1997-12-18,5168.2998046875
1997-12-19,5020.2001953125
1997-12-22,5018.2001953125
1997-12-23,5049.7998046875
1997-12-24,5013.89990234375
1997-12-25,NA
1997-12-26,NA
1997-12-29,5112.39990234375
1997-12-30,5132.39990234375
1997-12-31,5135.5
1998-01-01,NA
1998-01-02,5193.5
1998-01-05,5262.5
1998-01-06,5264.39990234375
1998-01-07,5224.10009765625
1998-01-08,5237.10009765625
1998-01-09,5138.2998046875
1998-01-12,5068.7998046875
1998-01-13,5083.89990234375
1998-01-14,5106.89990234375
1998-01-15,5165.7998046875
1998-01-16,5263.10009765625
1998-01-19,5273.60009765625
1998-01-20,5278.2001953125
1998-01-21,5272.2998046875
1998-01-22,5253.10009765625
1998-01-23,5181.39990234375
1998-01-26,5237.2001953125
1998-01-27,5326.2998046875
1998-01-28,5372.60009765625
1998-01-29,5422.39990234375
1998-01-30,5458.5
1998-02-02,5599
1998-02-03,5612.7998046875
1998-02-04,5595.7998046875
1998-02-05,5606.39990234375
1998-02-06,5629.7001953125
1998-02-09,5600.89990234375
1998-02-10,5613.2998046875
1998-02-11,5607.89990234375
1998-02-12,5552.5
1998-02-13,5582.2998046875
1998-02-16,5619.89990234375
1998-02-17,5709.5
1998-02-18,5723.39990234375
1998-02-19,5718.5
1998-02-20,5751.60009765625
1998-02-23,5702.7998046875
1998-02-24,5651
1998-02-25,5745.10009765625
1998-02-26,5764.7998046875
1998-02-27,5767.2998046875
1998-03-02,5820.60009765625
1998-03-03,5807.7001953125
1998-03-04,5733.10009765625
1998-03-05,5695.60009765625
1998-03-06,5782.89990234375
1998-03-09,5818.89990234375
1998-03-10,5828.5
1998-03-11,5829.7998046875
1998-03-12,5794.7998046875
1998-03-13,5782.2998046875
1998-03-16,5785.10009765625
1998-03-17,5834.89990234375
1998-03-18,5903.60009765625
1998-03-19,5997.89990234375
1998-03-20,5956.2998046875
1998-03-23,5947
1998-03-24,5983.7001953125
1998-03-25,5967.89990234375
1998-03-26,5905.60009765625
1998-03-27,5939.2998046875
1998-03-30,5911.89990234375
1998-03-31,5932.2001953125
1998-04-01,6017.60009765625
1998-04-02,6052.7998046875
1998-04-03,6064.2001953125
1998-04-06,6105.7998046875
1998-04-07,6094
1998-04-08,6055.2001953125
1998-04-09,6105.5
1998-04-10,NA
1998-04-13,NA
1998-04-14,6104.10009765625
1998-04-15,6074.10009765625
1998-04-16,6002
1998-04-17,5922.2001953125
1998-04-20,5954.10009765625
1998-04-21,5955
1998-04-22,5931.2001953125
1998-04-23,5898.10009765625
1998-04-24,5863.89990234375
1998-04-27,5722.39990234375
1998-04-28,5806.60009765625
1998-04-29,5833.10009765625
1998-04-30,5928.39990234375
1998-05-01,6010.2998046875
1998-05-04,NA
1998-05-05,5986.5
1998-05-06,5992.39990234375
1998-05-07,5938
1998-05-08,5969.7998046875
1998-05-11,6028.2998046875
1998-05-12,5956.7001953125
1998-05-13,5972.89990234375
1998-05-14,5948.5
1998-05-15,5917.7998046875
1998-05-18,5826.2001953125
1998-05-19,5877.7998046875
1998-05-20,5907.39990234375
1998-05-21,5935.60009765625
1998-05-22,5955.60009765625
1998-05-25,NA
1998-05-26,5970.7001953125
1998-05-27,5870.2001953125
1998-05-28,5862.2998046875
1998-05-29,5870.7001953125
1998-06-01,5837.89990234375
1998-06-02,5842.2998046875
1998-06-03,5898.39990234375
1998-06-04,5860.7998046875
1998-06-05,5947.2998046875
1998-06-08,6037.7998046875
1998-06-09,6019.7998046875
1998-06-10,5987.39990234375
1998-06-11,5852.5
1998-06-12,5769.7998046875
1998-06-15,5715.7001953125
1998-06-16,5729.7001953125
1998-06-17,5832.7001953125
1998-06-18,5812.10009765625
1998-06-19,5748.10009765625
1998-06-22,5712.5
1998-06-23,5772
1998-06-24,5804.89990234375
1998-06-25,5859
1998-06-26,5877.39990234375
1998-06-29,5884.5
1998-06-30,5832.60009765625
1998-07-01,5919.89990234375
1998-07-02,5960.2001953125
1998-07-03,5988.39990234375
1998-07-06,5990.2998046875
1998-07-07,6003.39990234375
1998-07-08,6009.60009765625
1998-07-09,5969.7001953125
1998-07-10,5929.7001953125
1998-07-13,5958.2001953125
1998-07-14,6100.2001953125
1998-07-15,6151.5
1998-07-16,6116.7998046875
1998-07-17,6174
1998-07-20,6179
1998-07-21,6132.7001953125
1998-07-22,5989.60009765625
1998-07-23,5976.2001953125
1998-07-24,5892.2998046875
1998-07-27,5836.2001953125
1998-07-28,5835.89990234375
1998-07-29,5844.10009765625
1998-07-30,5910.7001953125
1998-07-31,5837.10009765625
1998-08-03,5809.7001953125
1998-08-04,5736.10009765625
1998-08-05,5632.5
1998-08-06,5594.10009765625
1998-08-07,5680.39990234375
1998-08-10,5587.60009765625
1998-08-11,5432.7998046875
1998-08-12,5462.2001953125
1998-08-13,5399.5
1998-08-14,5455
1998-08-17,5467.2001953125
1998-08-18,5648.2001953125
1998-08-19,5694.2998046875
1998-08-20,5667.39990234375
1998-08-21,5477
1998-08-24,5553.7001953125
1998-08-25,5654.39990234375
1998-08-26,5545.39990234375
1998-08-27,5368.5
1998-08-28,5249.39990234375
1998-08-31,NA
1998-09-01,5169.10009765625
1998-09-02,5235.89990234375
1998-09-03,5118.7001953125
1998-09-04,5167
1998-09-07,5347
1998-09-08,5344.2001953125
1998-09-09,5311.2998046875
1998-09-10,5136.60009765625
1998-09-11,5118.60009765625
1998-09-14,5268.60009765625
1998-09-15,5281.7001953125
1998-09-16,5291.7001953125
1998-09-17,5132.89990234375
1998-09-18,5055.60009765625
1998-09-21,4990.2998046875
1998-09-22,5103.2998046875
1998-09-23,5214.7001953125
1998-09-24,5167.60009765625
1998-09-25,5061
1998-09-28,5093.5
1998-09-29,5108.7001953125
1998-09-30,5064.39990234375
1998-10-01,4908.2001953125
1998-10-02,4750.39990234375
1998-10-05,4648.7001953125
1998-10-06,4854
1998-10-07,4828.89990234375
1998-10-08,4698.89990234375
1998-10-09,4823.39990234375
1998-10-12,5037.7001953125
1998-10-13,4990.10009765625
1998-10-14,5038.39990234375
1998-10-15,5056.2998046875
1998-10-16,5133.10009765625
1998-10-19,5077.5
1998-10-20,5251.89990234375
1998-10-21,5206.7001953125
1998-10-22,5229.89990234375
1998-10-23,5217.10009765625
1998-10-26,5231.5
1998-10-27,5331.2001953125
1998-10-28,5293.89990234375
1998-10-29,5358.5
1998-10-30,5438.39990234375
1998-11-02,5525.5
1998-11-03,5503.89990234375
1998-11-04,5622.89990234375
1998-11-05,5479.7998046875
1998-11-06,5491
1998-11-09,5433.89990234375
1998-11-10,5432.2998046875
1998-11-11,5476.7998046875
1998-11-12,5449
1998-11-13,5463.2001953125
1998-11-16,5510.5
1998-11-17,5502.7001953125
1998-11-18,5474
1998-11-19,5606.2001953125
1998-11-20,5717.5
1998-11-23,5848.39990234375
1998-11-24,5798.2998046875
1998-11-25,5755.2998046875
1998-11-26,5827.89990234375
1998-11-27,5844.2001953125
1998-11-30,5743.89990234375
1998-12-01,5537.5
1998-12-02,5507.2001953125
1998-12-03,5566.10009765625
1998-12-04,5581.89990234375
1998-12-07,5576.7001953125
1998-12-08,5615.7001953125
1998-12-09,5669.10009765625
1998-12-10,5660.2998046875
1998-12-11,5541.7001953125
1998-12-14,5534.5
1998-12-15,5557.10009765625
1998-12-16,5630.39990234375
1998-12-17,5685.2001953125
1998-12-18,5741.89990234375
1998-12-21,5876.5
1998-12-22,5843.2998046875
1998-12-23,5908.7998046875
1998-12-24,5867.2001953125
1998-12-25,NA
1998-12-28,NA
1998-12-29,5941.5
1998-12-30,5882.60009765625
1998-12-31,NA
1999-01-01,NA
1999-01-04,5879.39990234375
1999-01-05,5958.2001953125
1999-01-06,6148.7998046875
1999-01-07,6101.2001953125
1999-01-08,6147.2001953125
1999-01-11,6085
1999-01-12,6033.60009765625
1999-01-13,5850.10009765625
1999-01-14,5820.2001953125
1999-01-15,5941
1999-01-18,6123.89990234375
1999-01-19,6027.60009765625
1999-01-20,6105.60009765625
1999-01-21,6022.2998046875
1999-01-22,5861.2001953125
1999-01-25,5880.89990234375
1999-01-26,5885.7001953125
1999-01-27,5876.39990234375
1999-01-28,5872.5
1999-01-29,5896
1999-02-01,6012.39990234375
1999-02-02,6013
1999-02-03,5940.2998046875
1999-02-04,5939.89990234375
1999-02-05,5855.2998046875
1999-02-08,5834.89990234375
1999-02-09,5779.89990234375
1999-02-10,5770.2001953125
1999-02-11,5888.5
1999-02-12,5950.7001953125
1999-02-15,6023.2001953125
1999-02-16,6108.60009765625
1999-02-17,6078.39990234375
1999-02-18,6074.89990234375
1999-02-19,6031.2001953125
1999-02-22,6069.89990234375
1999-02-23,6155.2001953125
1999-02-24,6307.60009765625
1999-02-25,6206.5
1999-02-26,6175.10009765625
1999-03-01,6060.89990234375
1999-03-02,6061.2998046875
1999-03-03,6048.2998046875
1999-03-04,6101.5
1999-03-05,6205.5
1999-03-08,6208.89990234375
1999-03-09,6237.7001953125
1999-03-10,6241.5
1999-03-11,6335.7001953125
1999-03-12,6282.2001953125
1999-03-15,6206.7998046875
1999-03-16,6201.89990234375
1999-03-17,6140.60009765625
1999-03-18,6114.2998046875
1999-03-19,6163.2001953125
1999-03-22,6152.7998046875
1999-03-23,6060.5
1999-03-24,6016.7001953125
1999-03-25,6085
1999-03-26,6139.2001953125
1999-03-29,6252.89990234375
1999-03-30,6264.2001953125
1999-03-31,6295.2998046875
1999-04-01,6330
1999-04-02,NA
1999-04-05,NA
1999-04-06,6415.2998046875
1999-04-07,6473.2001953125
1999-04-08,6437.89990234375
1999-04-09,6472.7998046875
1999-04-12,6441.2001953125
1999-04-13,6513.10009765625
1999-04-14,6493.60009765625
1999-04-15,6466.10009765625
1999-04-16,6420.60009765625
1999-04-19,6515.2998046875
1999-04-20,6319.7998046875
1999-04-21,6311
1999-04-22,6413.60009765625
1999-04-23,6428
1999-04-26,6503.60009765625
1999-04-27,6593.60009765625
1999-04-28,6598.7998046875
1999-04-29,6497.60009765625
1999-04-30,6552.2001953125
1999-05-03,NA
1999-05-04,6533.10009765625
1999-05-05,6401.7001953125
1999-05-06,6406.60009765625
1999-05-07,6356
1999-05-10,6348.7998046875
1999-05-11,6378.2998046875
1999-05-12,6343.10009765625
1999-05-13,6456.60009765625
1999-05-14,6300.39990234375
1999-05-17,6165.7998046875
1999-05-18,6206.39990234375
1999-05-19,6266.7001953125
1999-05-20,6368.2001953125
1999-05-21,6353.10009765625
1999-05-24,6322.10009765625
1999-05-25,6249.2998046875
1999-05-26,6236.7998046875
1999-05-27,6199.5
1999-05-28,6226.2001953125
1999-05-31,NA
1999-06-01,6250
1999-06-02,6302.2001953125
1999-06-03,6348.60009765625
1999-06-04,6361.5
1999-06-07,6412
1999-06-08,6431.5
1999-06-09,6453
1999-06-10,6403.39990234375
1999-06-11,6484.7998046875
1999-06-14,6430.2001953125
1999-06-15,6451.2001953125
1999-06-16,6504.89990234375
1999-06-17,6493.60009765625
1999-06-18,6527.7998046875
1999-06-21,6581.2998046875
1999-06-22,6552.39990234375
1999-06-23,6496.5
1999-06-24,6416.7001953125
1999-06-25,6435.39990234375
1999-06-28,6405.7998046875
1999-06-29,6307.10009765625
1999-06-30,6318.5
1999-07-01,6488.89990234375
1999-07-02,6491.89990234375
1999-07-05,6592
1999-07-06,6620.60009765625
1999-07-07,6597.39990234375
1999-07-08,6557.2998046875
1999-07-09,6562.60009765625
1999-07-12,6545.5
1999-07-13,6445.60009765625
1999-07-14,6473.10009765625
1999-07-15,6575
1999-07-16,6563.2998046875
1999-07-19,6483.7001953125
1999-07-20,6392
1999-07-21,6329.7998046875
1999-07-22,6297.7998046875
1999-07-23,6207.39990234375
1999-07-26,6169.10009765625
1999-07-27,6262.7998046875
1999-07-28,6297.2001953125
1999-07-29,6117.5
1999-07-30,6231.89990234375
1999-08-02,6288.2998046875
1999-08-03,6250.7001953125
1999-08-04,6235.39990234375
1999-08-05,6101.60009765625
1999-08-06,6121
1999-08-09,6126.5
1999-08-10,5978.39990234375
1999-08-11,6014.39990234375
1999-08-12,6153.2998046875
1999-08-13,6245.10009765625
1999-08-16,6235.39990234375
1999-08-17,6166.5
1999-08-18,6201.7998046875
1999-08-19,6118
1999-08-20,6180.7998046875
1999-08-23,6322.10009765625
1999-08-24,6315.10009765625
1999-08-25,6369.5
1999-08-26,6383.89990234375
1999-08-27,6375.2001953125
1999-08-30,NA
1999-08-31,6246.39990234375
1999-09-01,6276.2001953125
1999-09-02,6195.60009765625
1999-09-03,6332.2001953125
1999-09-06,6375.7001953125
1999-09-07,6309.5
1999-09-08,6253.60009765625
1999-09-09,6260.60009765625
1999-09-10,6191
1999-09-13,6169
1999-09-14,6116
1999-09-15,6067.7001953125
1999-09-16,6014.60009765625
1999-09-17,6039.7998046875
1999-09-20,6056.5
1999-09-21,5957.2998046875
1999-09-22,5913.89990234375
1999-09-23,5969.7001953125
1999-09-24,5937.60009765625
1999-09-27,6078.60009765625
1999-09-28,6007.2001953125
1999-09-29,6020.60009765625
1999-09-30,6029.7998046875
1999-10-01,5970.7001953125
1999-10-04,6052.89990234375
1999-10-05,6084.5
1999-10-06,6097.5
1999-10-07,6200.5
1999-10-08,6199.39990234375
1999-10-11,6234.7998046875
1999-10-12,6174.89990234375
1999-10-13,6113.39990234375
1999-10-14,6039.39990234375
1999-10-15,5907.2998046875
1999-10-18,5869.2001953125
1999-10-19,5993.7001953125
1999-10-20,6006.7001953125
1999-10-21,5939.2998046875
1999-10-22,6058.89990234375
1999-10-25,6009.39990234375
1999-10-26,6092.39990234375
1999-10-27,6045.7001953125
1999-10-28,6149.10009765625
1999-10-29,6255.7001953125
1999-11-01,6284
1999-11-02,6252
1999-11-03,6280.7998046875
1999-11-04,6331.2998046875
1999-11-05,6356.60009765625
1999-11-08,6374.2998046875
1999-11-09,6435.5
1999-11-10,6447
1999-11-11,6551.39990234375
1999-11-12,6511.60009765625
1999-11-15,6533.60009765625
1999-11-16,6583
1999-11-17,6555.7001953125
1999-11-18,6550.7998046875
1999-11-19,6482.2998046875
1999-11-22,6442
1999-11-23,6534.2001953125
1999-11-24,6561.7998046875
1999-11-25,6682.7998046875
1999-11-26,6684.7998046875
1999-11-29,6692.2998046875
1999-11-30,6597.2001953125
1999-12-01,6646
1999-12-02,6653.7001953125
1999-12-03,6742.2001953125
1999-12-06,6694
1999-12-07,6660.89990234375
1999-12-08,6619.39990234375
1999-12-09,6680.7998046875
1999-12-10,6739.5
1999-12-13,6710.7001953125
1999-12-14,6702.10009765625
1999-12-15,6633.7998046875
1999-12-16,6672
1999-12-17,6724.60009765625
1999-12-20,6731.2001953125
1999-12-21,6707.5
1999-12-22,6728.60009765625
1999-12-23,6776.7998046875
1999-12-24,6806.5
1999-12-27,NA
1999-12-28,NA
1999-12-29,6835.89990234375
1999-12-30,6930.2001953125
1999-12-31,NA
2000-01-03,NA
2000-01-04,6665.89990234375
2000-01-05,6535.89990234375
2000-01-06,6447.2001953125
2000-01-07,6504.7998046875
2000-01-10,6607.7001953125
2000-01-11,6518.89990234375
2000-01-12,6532.7998046875
2000-01-13,6531.5
2000-01-14,6658.2001953125
2000-01-17,6669.5
2000-01-18,6504.60009765625
2000-01-19,6445.5
2000-01-20,6348.7001953125
2000-01-21,6346.2998046875
2000-01-24,6379.7998046875
2000-01-25,6274.10009765625
2000-01-26,6375.60009765625
2000-01-27,6441
2000-01-28,6375.60009765625
2000-01-31,6268.5
2000-02-01,6290.89990234375
2000-02-02,6302.7998046875
2000-02-03,6324.2998046875
2000-02-04,6185
2000-02-07,6118.60009765625
2000-02-08,6285.7998046875
2000-02-09,6315.39990234375
2000-02-10,6279.7998046875
2000-02-11,6193.2998046875
2000-02-14,6068.60009765625
2000-02-15,6005.2001953125
2000-02-16,6147.39990234375
2000-02-17,6209.2998046875
2000-02-18,6165
2000-02-21,6081.60009765625
2000-02-22,6014.7001953125
2000-02-23,6144.10009765625
2000-02-24,6086.7001953125
2000-02-25,6198
2000-02-28,6099.60009765625
2000-02-29,6232.60009765625
2000-03-01,6364.89990234375
2000-03-02,6432.10009765625
2000-03-03,6487.5
2000-03-06,6567.7998046875
2000-03-07,6466.5
2000-03-08,6411.2001953125
2000-03-09,6532.10009765625
2000-03-10,6568.7001953125
2000-03-13,6466.89990234375
2000-03-14,6487.10009765625
2000-03-15,6447
2000-03-16,6557.2998046875
2000-03-17,6558
2000-03-20,6624.5
2000-03-21,6617.89990234375
2000-03-22,6609.60009765625
2000-03-23,6594.60009765625
2000-03-24,6738.5
2000-03-27,6687.2001953125
2000-03-28,6650.10009765625
2000-03-29,6598.7998046875
2000-03-30,6445.2001953125
2000-03-31,6540.2001953125
2000-04-03,6462.10009765625
2000-04-04,6427
2000-04-05,6379.2998046875
2000-04-06,6451.10009765625
2000-04-07,6569.89990234375
2000-04-10,6533.39990234375
2000-04-11,6379.2001953125
2000-04-12,6350.7998046875
2000-04-13,6357
2000-04-14,6178.10009765625
2000-04-17,5994.60009765625
2000-04-18,6074
2000-04-19,6184.89990234375
2000-04-20,6241.2001953125
2000-04-21,NA
2000-04-24,NA
2000-04-25,6283
2000-04-26,6256.5
2000-04-27,6179.2998046875
2000-04-28,6327.39990234375
2000-05-01,NA
2000-05-02,6373.39990234375
2000-05-03,6184.7998046875
2000-05-04,6199.60009765625
2000-05-05,6238.7998046875
2000-05-08,6216.2998046875
2000-05-09,6123.7998046875
2000-05-10,6100.7001953125
2000-05-11,6245.89990234375
2000-05-12,6283.5
2000-05-15,6247.7001953125
2000-05-16,6318.39990234375
2000-05-17,6196.2001953125
2000-05-18,6233
2000-05-19,6045.39990234375
2000-05-22,6035.5
2000-05-23,6086.7998046875
2000-05-24,6118.60009765625
2000-05-25,6231.10009765625
2000-05-26,6216.89990234375
2000-05-29,NA
2000-05-30,6359.60009765625
2000-05-31,6359.39990234375
2000-06-01,6470.5
2000-06-02,6626.39990234375
2000-06-05,6546.7001953125
2000-06-06,6546.7998046875
2000-06-07,6503.7998046875
2000-06-08,6496.60009765625
2000-06-09,6443.7998046875
2000-06-12,6430.89990234375
2000-06-13,6447.10009765625
2000-06-14,6536.2998046875
2000-06-15,6490.7998046875
2000-06-16,6526
2000-06-19,6490.2001953125
2000-06-20,6526.89990234375
2000-06-21,6477.7998046875
2000-06-22,6413.7998046875
2000-06-23,6391.5
2000-06-26,6405.2001953125
2000-06-27,6375.2998046875
2000-06-28,6313.5
2000-06-29,6239
2000-06-30,6312.7001953125
2000-07-03,6470.39990234375
2000-07-04,6417
2000-07-05,6382.5
2000-07-06,6419.60009765625
2000-07-07,6497.5
2000-07-10,6466.2001953125
2000-07-11,6475.7998046875
2000-07-12,6518.5
2000-07-13,6475.7001953125
2000-07-14,6475.39990234375
2000-07-17,6525.5
2000-07-18,6450.5
2000-07-19,6465.5
2000-07-20,6469
2000-07-21,6378.39990234375
2000-07-24,6381.2998046875
2000-07-25,6390.7001953125
2000-07-26,6387.10009765625
2000-07-27,6352.10009765625
2000-07-28,6335.7001953125
2000-07-31,6365.2998046875
2000-08-01,6379.39990234375
2000-08-02,6391.2998046875
2000-08-03,6317.10009765625
2000-08-04,6363.5
2000-08-07,6387.7998046875
2000-08-08,6358.10009765625
2000-08-09,6414
2000-08-10,6387.2998046875
2000-08-11,6384.5
2000-08-14,6419.89990234375
2000-08-15,6475.5
2000-08-16,6532.10009765625
2000-08-17,6518.2001953125
2000-08-18,6543.7001953125
2000-08-21,6542.2001953125
2000-08-22,6584.7998046875
2000-08-23,6566.2001953125
2000-08-24,6557
2000-08-25,6563.7001953125
2000-08-28,NA
2000-08-29,6586.2998046875
2000-08-30,6615.10009765625
2000-08-31,6672.7001953125
2000-09-01,6795
2000-09-04,6798.10009765625
2000-09-05,6752.5
2000-09-06,6694.7001953125
2000-09-07,6689.2001953125
2000-09-08,6600.7001953125
2000-09-11,6582
2000-09-12,6555.5
2000-09-13,6478.2001953125
2000-09-14,6555.5
2000-09-15,6417.2998046875
2000-09-18,6410.2001953125
2000-09-19,6403.5
2000-09-20,6279.89990234375
2000-09-21,6199.2001953125
2000-09-22,6205.89990234375
2000-09-25,6257.10009765625
2000-09-26,6213.2001953125
2000-09-27,6269.2998046875
2000-09-28,6264.10009765625
2000-09-29,6294.2001953125
2000-10-02,6284.5
2000-10-03,6345
2000-10-04,6334.89990234375
2000-10-05,6382
2000-10-06,6391.2001953125
2000-10-09,6264.7998046875
2000-10-10,6247.7001953125
2000-10-11,6117.60009765625
2000-10-12,6131.89990234375
2000-10-13,6209.60009765625
2000-10-16,6285.7001953125
2000-10-17,6203.2998046875
2000-10-18,6148.2001953125
2000-10-19,6218.89990234375
2000-10-20,6276.2998046875
2000-10-23,6315.89990234375
2000-10-24,6438.39990234375
2000-10-25,6367.7998046875
2000-10-26,6302.2998046875
2000-10-27,6366.60009765625
2000-10-30,6388.39990234375
2000-10-31,6438.39990234375
2000-11-01,6457.60009765625
2000-11-02,6392
2000-11-03,6385.39990234375
2000-11-06,6431
2000-11-07,6466.89990234375
2000-11-08,6477.39990234375
2000-11-09,6442.2001953125
2000-11-10,6400.2001953125
2000-11-13,6274.7998046875
2000-11-14,6412.89990234375
2000-11-15,6432.2998046875
2000-11-16,6430.39990234375
2000-11-17,6440.10009765625
2000-11-20,6345
2000-11-21,6382.2001953125
2000-11-22,6221.39990234375
2000-11-23,6287.2998046875
2000-11-24,6327.60009765625
2000-11-27,6374.7001953125
2000-11-28,6249.7998046875
2000-11-29,6164.89990234375
2000-11-30,6142.2001953125
2000-12-01,6170.39990234375
2000-12-04,6158.7001953125
2000-12-05,6299
2000-12-06,6273.2998046875
2000-12-07,6231.39990234375
2000-12-08,6288.2998046875
2000-12-11,6370.39990234375
2000-12-12,6390.39990234375
2000-12-13,6403
2000-12-14,6263.7998046875
2000-12-15,6175.7998046875
2000-12-18,6246.5
2000-12-19,6295
2000-12-20,6176.7001953125
2000-12-21,6115.5
2000-12-22,6097.5
2000-12-25,NA
2000-12-26,NA
2000-12-27,6218.2001953125
2000-12-28,6223.2001953125
2000-12-29,6222.5
2001-01-01,NA
2001-01-02,6174.7001953125
2001-01-03,6039.89990234375
2001-01-04,6185.60009765625
2001-01-05,6198.10009765625
2001-01-08,6149.60009765625
2001-01-09,6088.10009765625
2001-01-10,6059.89990234375
2001-01-11,6114.89990234375
2001-01-12,6165.5
2001-01-15,6170.2998046875
2001-01-16,6083.2998046875
2001-01-17,6197.39990234375
2001-01-18,6209.89990234375
2001-01-19,6209.2998046875
2001-01-22,6232
2001-01-23,6214.7001953125
2001-01-24,6264.39990234375
2001-01-25,6255.60009765625
2001-01-26,6294.2998046875
2001-01-29,6317
2001-01-30,6334.5
2001-01-31,6297.5
2001-02-01,6251.7998046875
2001-02-02,6256.39990234375
2001-02-05,6269.2001953125
2001-02-06,6293.39990234375
2001-02-07,6225.7001953125
2001-02-08,6206.10009765625
2001-02-09,6164.2998046875
2001-02-12,6241.39990234375
2001-02-13,6228.5
2001-02-14,6176.2001953125
2001-02-15,6197.89990234375
2001-02-16,6088.2998046875
2001-02-19,6094
2001-02-20,5980.10009765625
2001-02-21,5972.39990234375
2001-02-22,6003.10009765625
2001-02-23,5943.7001953125
2001-02-26,5916.7998046875
2001-02-27,5941.2001953125
2001-02-28,5917.89990234375
2001-03-01,5908.60009765625
2001-03-02,5858.60009765625
2001-03-05,5931.2998046875
2001-03-06,6012
2001-03-07,6001.7998046875
2001-03-08,6003.2001953125
2001-03-09,5917.2998046875
2001-03-12,5826.5
2001-03-13,5720.7001953125
2001-03-14,5626
2001-03-15,5729.2001953125
2001-03-16,5562.7998046875
2001-03-19,5551.60009765625
2001-03-20,5646.7998046875
2001-03-21,5540.7001953125
2001-03-22,5314.7998046875
2001-03-23,5402.2998046875
2001-03-26,5576.60009765625
2001-03-27,5728.10009765625
2001-03-28,5614
2001-03-29,5588.39990234375
2001-03-30,5633.7001953125
2001-04-02,5618.5
2001-04-03,5463.10009765625
2001-04-04,5535.7001953125
2001-04-05,5621.7998046875
2001-04-06,5601.5
2001-04-09,5663.2998046875
2001-04-10,5803
2001-04-11,5788.10009765625
2001-04-12,5766.60009765625
2001-04-13,NA
2001-04-16,NA
2001-04-17,5761.10009765625
2001-04-18,5890.2001953125
2001-04-19,5871.60009765625
2001-04-20,5879.7998046875
2001-04-23,5871.2998046875
2001-04-24,5840.2998046875
2001-04-25,5827.5
2001-04-26,5868.2998046875
2001-04-27,5951.39990234375
2001-04-30,5967
2001-05-01,5928
2001-05-02,5904.2001953125
2001-05-03,5765.7998046875
2001-05-04,5870.2998046875
2001-05-07,NA
2001-05-08,5886.39990234375
2001-05-09,5893.7001953125
2001-05-10,5964
2001-05-11,5896.7998046875
2001-05-14,5690.5
2001-05-15,5842.89990234375
2001-05-16,5884
2001-05-17,5904.60009765625
2001-05-18,5915
2001-05-21,5941.60009765625
2001-05-22,5976.60009765625
2001-05-23,5897.5
2001-05-24,5915.89990234375
2001-05-25,5889.7998046875
2001-05-28,NA
2001-05-29,5863.89990234375
2001-05-30,5796.89990234375
2001-05-31,5796.2001953125
2001-06-01,5809.60009765625
2001-06-04,5856.5
2001-06-05,5922.60009765625
2001-06-06,5901.5
2001-06-07,5948.2998046875
2001-06-08,5950.60009765625
2001-06-11,5860.5
2001-06-12,5804
2001-06-13,5820.2001953125
2001-06-14,5752.60009765625
2001-06-15,5723
2001-06-18,5671.60009765625
2001-06-19,5680.39990234375
2001-06-20,5699.60009765625
2001-06-21,5641.39990234375
2001-06-22,5665.7001953125
2001-06-25,5661.89990234375
2001-06-26,5555.7001953125
2001-06-27,5607.89990234375
2001-06-28,5638.39990234375
2001-06-29,5642.5
2001-07-02,5716.7001953125
2001-07-03,5639.89990234375
2001-07-04,5600.5
2001-07-05,5549.60009765625
2001-07-06,5479.2001953125
2001-07-09,5468.89990234375
2001-07-10,5467.89990234375
2001-07-11,5391.89990234375
2001-07-12,5481.60009765625
2001-07-13,5537
2001-07-16,5517.10009765625
2001-07-17,5427.7998046875
2001-07-18,5404.60009765625
2001-07-19,5437.39990234375
2001-07-20,5387.10009765625
2001-07-23,5405.2998046875
2001-07-24,5320.2001953125
2001-07-25,5275.7001953125
2001-07-26,5286.10009765625
2001-07-27,5403.10009765625
2001-07-30,5446.7001953125
2001-07-31,5529.10009765625
2001-08-01,5546.89990234375
2001-08-02,5584.5
2001-08-03,5547.60009765625
2001-08-06,5526.39990234375
2001-08-07,5536.7998046875
2001-08-08,5476.5
2001-08-09,5402.89990234375
2001-08-10,5427.2001953125
2001-08-13,5431.10009765625
2001-08-14,5507.7998046875
2001-08-15,5461.60009765625
2001-08-16,5389.7998046875
2001-08-17,5342.10009765625
2001-08-20,5357.5
2001-08-21,5430.2998046875
2001-08-22,5408.7001953125
2001-08-23,5396.5
2001-08-24,5471.89990234375
2001-08-27,NA
2001-08-28,5434.7001953125
2001-08-29,5417.60009765625
2001-08-30,5332.7001953125
2001-08-31,5345
2001-09-03,5312.10009765625
2001-09-04,5379.60009765625
2001-09-05,5316.10009765625
2001-09-06,5204.2998046875
2001-09-07,5070.2998046875
2001-09-10,5033.7001953125
2001-09-11,4746
2001-09-12,4882.10009765625
2001-09-13,4943.60009765625
2001-09-14,4755.7998046875
2001-09-17,4898.89990234375
2001-09-18,4848.7001953125
2001-09-19,4721.7001953125
2001-09-20,4556.89990234375
2001-09-21,4433.7001953125
2001-09-24,4613.89990234375
2001-09-25,4663.39990234375
2001-09-26,4696.10009765625
2001-09-27,4763.60009765625
2001-09-28,4903.39990234375
2001-10-01,4785.60009765625
2001-10-02,4832.2998046875
2001-10-03,4881.7998046875
2001-10-04,5016.2001953125
2001-10-05,5036
2001-10-08,5032.7001953125
2001-10-09,5009.7998046875
2001-10-10,5153.10009765625
2001-10-11,5164.89990234375
2001-10-12,5145.5
2001-10-15,5067.2998046875
2001-10-16,5082.60009765625
2001-10-17,5203.39990234375
2001-10-18,5116
2001-10-19,5017.7001953125
2001-10-22,5070.39990234375
2001-10-23,5193.2998046875
2001-10-24,5167.60009765625
2001-10-25,5086.60009765625
2001-10-26,5188.7001953125
2001-10-29,5085.89990234375
2001-10-30,5003.60009765625
2001-10-31,5039.7001953125
2001-11-01,5071.2001953125
2001-11-02,5129.5
2001-11-05,5209.10009765625
2001-11-06,5214.10009765625
2001-11-07,5216.2998046875
2001-11-08,5278.10009765625
2001-11-09,5244.2001953125
2001-11-12,5146.2001953125
2001-11-13,5277.10009765625
2001-11-14,5240.7998046875
2001-11-15,5238.2001953125
2001-11-16,5291
2001-11-19,5338
2001-11-20,5298.7001953125
2001-11-21,5313.7998046875
2001-11-22,5345.89990234375
2001-11-23,5293.2001953125
2001-11-26,5302.5
2001-11-27,5266
2001-11-28,5205.2001953125
2001-11-29,5208.5
2001-11-30,5203.60009765625
2001-12-03,5164.60009765625
2001-12-04,5212.10009765625
2001-12-05,5333.5
2001-12-06,5369.7998046875
2001-12-07,5264.7001953125
2001-12-10,5185
2001-12-11,5160.7998046875
2001-12-12,5120
2001-12-13,5074.89990234375
2001-12-14,5061
2001-12-17,5136.2998046875
2001-12-18,5151.10009765625
2001-12-19,5120.60009765625
2001-12-20,5080.2001953125
2001-12-21,5159.2001953125
2001-12-24,5177.39990234375
2001-12-25,NA
2001-12-26,NA
2001-12-27,5213.2001953125
2001-12-28,5242.39990234375
2001-12-31,5217.39990234375
2002-01-01,NA
2002-01-02,5218.2998046875
2002-01-03,5318.7998046875
2002-01-04,5323.7998046875
2002-01-07,5293.60009765625
2002-01-08,5250.39990234375
2002-01-09,5228.5
2002-01-10,5190.7001953125
2002-01-11,5198.60009765625
2002-01-14,5113.5
2002-01-15,5166
2002-01-16,5127.60009765625
2002-01-17,5138.5
2002-01-18,5126.7998046875
2002-01-21,5138.5
2002-01-22,5149.2001953125
2002-01-23,5180.7001953125
2002-01-24,5233.10009765625
2002-01-25,5193.10009765625
2002-01-28,5223.60009765625
2002-01-29,5131.39990234375
2002-01-30,5089.2998046875
2002-01-31,5164.7998046875
2002-02-01,5189.7001953125
2002-02-04,5167.2998046875
2002-02-05,5093.39990234375
2002-02-06,5073.7998046875
2002-02-07,5127
2002-02-08,5128.10009765625
2002-02-11,5161.7998046875
2002-02-12,5135.7001953125
2002-02-13,5153.89990234375
2002-02-14,5208.7998046875
2002-02-15,5182.5
2002-02-18,5154.2998046875
2002-02-19,5092.5
2002-02-20,5024.2001953125
2002-02-21,5073.2998046875
2002-02-22,5050.7998046875
2002-02-25,5100.7001953125
2002-02-26,5139
2002-02-27,5178.39990234375
2002-02-28,5101
2002-03-01,5169
2002-03-04,5242
2002-03-05,5214
2002-03-06,5245.5
2002-03-07,5282.10009765625
2002-03-08,5285.7001953125
2002-03-11,5258.89990234375
2002-03-12,5252.5
2002-03-13,5272
2002-03-14,5261.39990234375
2002-03-15,5292.7001953125
2002-03-18,5299.89990234375
2002-03-19,5316.10009765625
2002-03-20,5266.89990234375
2002-03-21,5253.2998046875
2002-03-22,5250.5
2002-03-25,5203.60009765625
2002-03-26,5195.5
2002-03-27,5214.7001953125
2002-03-28,5271.7998046875
2002-03-29,NA
2002-04-01,NA
2002-04-02,5251.39990234375
2002-04-03,5247.7998046875
2002-04-04,5209.5
2002-04-05,5233.60009765625
2002-04-08,5178.60009765625
2002-04-09,5179.60009765625
2002-04-10,5229.10009765625
2002-04-11,5137.39990234375
2002-04-12,5161
2002-04-15,5201.39990234375
2002-04-16,5259.89990234375
2002-04-17,5263.89990234375
2002-04-18,5229.39990234375
2002-04-19,5243.60009765625
2002-04-22,5221.5
2002-04-23,5191
2002-04-24,5218.2001953125
2002-04-25,5197.5
2002-04-26,5159
2002-04-29,5153.89990234375
2002-04-30,5165.60009765625
2002-05-01,5125.5
2002-05-02,5174.10009765625
2002-05-03,5203.10009765625
2002-05-06,NA
2002-05-07,5119.89990234375
2002-05-08,5209.10009765625
2002-05-09,5197.60009765625
2002-05-10,5171.2001953125
2002-05-13,5204.7998046875
2002-05-14,5239.5
2002-05-15,5259.10009765625
2002-05-16,5248.5
2002-05-17,5218
2002-05-20,5208.10009765625
2002-05-21,5197.2001953125
2002-05-22,5151.89990234375
2002-05-23,5175.2998046875
2002-05-24,5169.10009765625
2002-05-27,5136.2998046875
2002-05-28,5074.2001953125
2002-05-29,5083
2002-05-30,5040.7998046875
2002-05-31,5085.10009765625
2002-06-03,NA
2002-06-04,NA
2002-06-05,4989.2001953125
2002-06-06,4957.60009765625
2002-06-07,4920.39990234375
2002-06-10,4928.2001953125
2002-06-11,4934.7998046875
2002-06-12,4851.7001953125
2002-06-13,4771.89990234375
2002-06-14,4630.7998046875
2002-06-17,4756.7998046875
2002-06-18,4702
2002-06-19,4652.39990234375
2002-06-20,4580.2998046875
2002-06-21,4605.39990234375
2002-06-24,4541.89990234375
2002-06-25,4631
2002-06-26,4531
2002-06-27,4540.7001953125
2002-06-28,4656.39990234375
2002-07-01,4685.7998046875
2002-07-02,4546.7998046875
2002-07-03,4392.60009765625
2002-07-04,4471.2001953125
2002-07-05,4615.7001953125
2002-07-08,4601.2998046875
2002-07-09,4542.89990234375
2002-07-10,4420.10009765625
2002-07-11,4230.10009765625
2002-07-12,4224.10009765625
2002-07-15,3994.5
2002-07-16,4021.89990234375
2002-07-17,4190.60009765625
2002-07-18,4297.2998046875
2002-07-19,4098.2998046875
2002-07-22,3895.5
2002-07-23,3858
2002-07-24,3777.10009765625
2002-07-25,3965.89990234375
2002-07-26,4016.69995117188
2002-07-29,4202.7001953125
2002-07-30,4180.89990234375
2002-07-31,4246.2001953125
2002-08-01,4044.5
2002-08-02,4075.60009765625
2002-08-05,3996.39990234375
2002-08-06,4131
2002-08-07,4094.39990234375
2002-08-08,4240.5
2002-08-09,4322.39990234375
2002-08-12,4221.60009765625
2002-08-13,4271.7001953125
2002-08-14,4171.10009765625
2002-08-15,4327.5
2002-08-16,4330
2002-08-19,4426.89990234375
2002-08-20,4368.89990234375
2002-08-21,4364.7998046875
2002-08-22,4434.7001953125
2002-08-23,4389.7998046875
2002-08-26,NA
2002-08-27,4449.7001953125
2002-08-28,4274
2002-08-29,4209.2998046875
2002-08-30,4227.2998046875
2002-09-02,4180.89990234375
2002-09-03,4028.69995117188
2002-09-04,4027
2002-09-05,4011
2002-09-06,4107.2001953125
2002-09-09,4062.39990234375
2002-09-10,4175.5
2002-09-11,4210.7001953125
2002-09-12,4084.89990234375
2002-09-13,4008
2002-09-16,4044.30004882812
2002-09-17,4025.19995117188
2002-09-18,3865.39990234375
2002-09-19,3813.5
2002-09-20,3860.10009765625
2002-09-23,3739.39990234375
2002-09-24,3671.10009765625
2002-09-25,3696.30004882812
2002-09-26,3850.60009765625
2002-09-27,3907.19995117188
2002-09-30,3721.80004882812
2002-10-01,3797.39990234375
2002-10-02,3905.30004882812
2002-10-03,3880.30004882812
2002-10-04,3813.80004882812
2002-10-07,3780.89990234375
2002-10-08,3730.5
2002-10-09,3742.39990234375
2002-10-10,3777.30004882812
2002-10-11,3953.39990234375
2002-10-14,3931.60009765625
2002-10-15,4130.2998046875
2002-10-16,4057.69995117188
2002-10-17,4170.7001953125
2002-10-18,4130.5
2002-10-21,4133.7998046875
2002-10-22,4118.89990234375
2002-10-23,4006.89990234375
2002-10-24,4103.7001953125
2002-10-25,4051.10009765625
2002-10-28,4090.5
2002-10-29,3935.89990234375
2002-10-30,4002.69995117188
2002-10-31,4039.69995117188
2002-11-01,3997
2002-11-04,4141.5
2002-11-05,4146.10009765625
2002-11-06,4103.7001953125
2002-11-07,4081.30004882812
2002-11-08,4034.60009765625
2002-11-11,4015.60009765625
2002-11-12,4085.10009765625
2002-11-13,4029.39990234375
2002-11-14,4053.10009765625
2002-11-15,4091.60009765625
2002-11-18,4116
2002-11-19,4096.5
2002-11-20,4094.89990234375
2002-11-21,4190
2002-11-22,4175.2001953125
2002-11-25,4122.2001953125
2002-11-26,4071
2002-11-27,4144.2001953125
2002-11-28,4185.39990234375
2002-11-29,4169.39990234375
2002-12-02,4154.2998046875
2002-12-03,4075.39990234375
2002-12-04,4048.60009765625
2002-12-05,4032.39990234375
2002-12-06,4013.5
2002-12-09,3933.89990234375
2002-12-10,3925
2002-12-11,3974.89990234375
2002-12-12,3935.30004882812
2002-12-13,3878.10009765625
2002-12-16,3984
2002-12-17,3908.69995117188
2002-12-18,3835.19995117188
2002-12-19,3841.39990234375
2002-12-20,3889.89990234375
2002-12-23,3936.89990234375
2002-12-24,3942.10009765625
2002-12-25,NA
2002-12-26,NA
2002-12-27,3829.39990234375
2002-12-30,3900.60009765625
2002-12-31,3940.39990234375
2003-01-01,NA
2003-01-02,4009.5
2003-01-03,4005
2003-01-06,4001.39990234375
2003-01-07,3957.39990234375
2003-01-08,3924.80004882812
2003-01-09,3934
2003-01-10,3974.10009765625
2003-01-13,3948.30004882812
2003-01-14,3945.60009765625
2003-01-15,3887.80004882812
2003-01-16,3881.80004882812
2003-01-17,3820.60009765625
2003-01-20,3778.60009765625
2003-01-21,3736.69995117188
2003-01-22,3678
2003-01-23,3622.19995117188
2003-01-24,3603.69995117188
2003-01-27,3480.80004882812
2003-01-28,3490
2003-01-29,3483.80004882812
2003-01-30,3578.69995117188
2003-01-31,3567.39990234375
2003-02-03,3689.39990234375
2003-02-04,3590.10009765625
2003-02-05,3678.69995117188
2003-02-06,3597
2003-02-07,3599.19995117188
2003-02-10,3579.10009765625
2003-02-11,3669.19995117188
2003-02-12,3616.10009765625
2003-02-13,3610.80004882812
2003-02-14,3611.89990234375
2003-02-17,3692.39990234375
2003-02-18,3729.5
2003-02-19,3658.30004882812
2003-02-20,3687.30004882812
2003-02-21,3727.10009765625
2003-02-24,3701.80004882812
2003-02-25,3621.5
2003-02-26,3593.30004882812
2003-02-27,3569.89990234375
2003-02-28,3655.60009765625
2003-03-03,3684.69995117188
2003-03-04,3625.30004882812
2003-03-05,3563.5
2003-03-06,3555.39990234375
2003-03-07,3491.60009765625
2003-03-10,3436.10009765625
2003-03-11,3452.69995117188
2003-03-12,3287
2003-03-13,3486.89990234375
2003-03-14,3601.80004882812
2003-03-17,3722.30004882812
2003-03-18,3747.30004882812
2003-03-19,3765.39990234375
2003-03-20,3765.69995117188
2003-03-21,3861.10009765625
2003-03-24,3743.30004882812
2003-03-25,3762
2003-03-26,3793.10009765625
2003-03-27,3729.10009765625
2003-03-28,3708.5
2003-03-31,3613.30004882812
2003-04-01,3684.80004882812
2003-04-02,3753.39990234375
2003-04-03,3771.10009765625
2003-04-04,3814.39990234375
2003-04-07,3935.80004882812
2003-04-08,3868.80004882812
2003-04-09,3861.39990234375
2003-04-10,3803.30004882812
2003-04-11,3808.10009765625
2003-04-14,3849.39990234375
2003-04-15,3916.89990234375
2003-04-16,3854.89990234375
2003-04-17,3889.19995117188
2003-04-18,NA
2003-04-21,NA
2003-04-22,3917.69995117188
2003-04-23,3966.5
2003-04-24,3899
2003-04-25,3870.19995117188
2003-04-28,3940.30004882812
2003-04-29,3927.80004882812
2003-04-30,3926
2003-05-01,3880.10009765625
2003-05-02,3952.60009765625
2003-05-05,NA
2003-05-06,4006.39990234375
2003-05-07,3992.89990234375
2003-05-08,3928.89990234375
2003-05-09,3969.39990234375
2003-05-12,3987.39990234375
2003-05-13,3999.89990234375
2003-05-14,3975
2003-05-15,4011.10009765625
2003-05-16,4049
2003-05-19,3941.30004882812
2003-05-20,3971.60009765625
2003-05-21,3936.39990234375
2003-05-22,3990.5
2003-05-23,3979.80004882812
2003-05-26,NA
2003-05-27,3992.39990234375
2003-05-28,4071.89990234375
2003-05-29,4083.60009765625
2003-05-30,4048.10009765625
2003-06-02,4129.2998046875
2003-06-03,4115.7001953125
2003-06-04,4126.60009765625
2003-06-05,4104.2998046875
2003-06-06,4150.7998046875
2003-06-09,4129.10009765625
2003-06-10,4113
2003-06-11,4150.2001953125
2003-06-12,4161.2998046875
2003-06-13,4134.10009765625
2003-06-16,4152.89990234375
2003-06-17,4190.39990234375
2003-06-18,4207
2003-06-19,4131.5
2003-06-20,4160.10009765625
2003-06-23,4087.89990234375
2003-06-24,4060.89990234375
2003-06-25,4067.89990234375
2003-06-26,4041.69995117188
2003-06-27,4067.80004882812
2003-06-30,4031.19995117188
2003-07-01,3963.89990234375
2003-07-02,4006.89990234375
2003-07-03,4024.80004882812
2003-07-04,4021.5
2003-07-07,4074.80004882812
2003-07-08,4073.60009765625
2003-07-09,4054.69995117188
2003-07-10,4028.80004882812
2003-07-11,4058.10009765625
2003-07-14,4127.60009765625
2003-07-15,4102.5
2003-07-16,4077.10009765625
2003-07-17,4056.60009765625
2003-07-18,4073.19995117188
2003-07-21,4044.30004882812
2003-07-22,4079.80004882812
2003-07-23,4086.5
2003-07-24,4149.60009765625
2003-07-25,4131.2001953125
2003-07-28,4148.7998046875
2003-07-29,4137
2003-07-30,4141.2001953125
2003-07-31,4157
2003-08-01,4098.39990234375
2003-08-04,4100.10009765625
2003-08-05,4121
2003-08-06,4070.39990234375
2003-08-07,4095.60009765625
2003-08-08,4147.7998046875
2003-08-11,4176.7001953125
2003-08-12,4185.60009765625
2003-08-13,4180.7001953125
2003-08-14,4237.7998046875
2003-08-15,4247.2998046875
2003-08-18,4272.10009765625
2003-08-19,4250.7998046875
2003-08-20,4217.39990234375
2003-08-21,4223.5
2003-08-22,4225.89990234375
2003-08-25,NA
2003-08-26,4177.39990234375
2003-08-27,4206.39990234375
2003-08-28,4198
2003-08-29,4161.10009765625
2003-09-01,4204.39990234375
2003-09-02,4204.39990234375
2003-09-03,4262.10009765625
2003-09-04,4248.7998046875
2003-09-05,4257.2001953125
2003-09-08,4292.10009765625
2003-09-09,4263.89990234375
2003-09-10,4252.10009765625
2003-09-11,4242.2001953125
2003-09-12,4237.7998046875
2003-09-15,4260.89990234375
2003-09-16,4299
2003-09-17,4293
2003-09-18,4314.7001953125
2003-09-19,4257
2003-09-22,4228.2001953125
2003-09-23,4221.7001953125
2003-09-24,4236.39990234375
2003-09-25,4202.2001953125
2003-09-26,4157.10009765625
2003-09-29,4142.7001953125
2003-09-30,4091.30004882812
2003-10-01,4169.2001953125
2003-10-02,4209.10009765625
2003-10-03,4274
2003-10-06,4270.10009765625
2003-10-07,4272
2003-10-08,4268.60009765625
2003-10-09,4313.89990234375
2003-10-10,4311
2003-10-13,4362.2998046875
2003-10-14,4334.10009765625
2003-10-15,4368.7998046875
2003-10-16,4339.7001953125
2003-10-17,4344
2003-10-20,4347.60009765625
2003-10-21,4352.2998046875
2003-10-22,4285.60009765625
2003-10-23,4240.2001953125
2003-10-24,4239
2003-10-27,4251.2998046875
2003-10-28,4272.89990234375
2003-10-29,4265.7001953125
2003-10-30,4300.89990234375
2003-10-31,4287.60009765625
2003-11-03,4332.60009765625
2003-11-04,4330.2998046875
2003-11-05,4303.39990234375
2003-11-06,4324.2001953125
2003-11-07,4376.89990234375
2003-11-10,4341.7998046875
2003-11-11,4345.10009765625
2003-11-12,4371.2998046875
2003-11-13,4373
2003-11-14,4397
2003-11-17,4338.89990234375
2003-11-18,4354.7001953125
2003-11-19,4327.39990234375
2003-11-20,4308
2003-11-21,4319
2003-11-24,4382.39990234375
2003-11-25,4388.7998046875
2003-11-26,4370.39990234375
2003-11-27,4361.10009765625
2003-11-28,4342.60009765625
2003-12-01,4410
2003-12-02,4378.89990234375
2003-12-03,4392
2003-12-04,4378.2001953125
2003-12-05,4367
2003-12-08,4359.7998046875
2003-12-09,4379.60009765625
2003-12-10,4335.39990234375
2003-12-11,4331.2998046875
2003-12-12,4347.60009765625
2003-12-15,4348
2003-12-16,4333
2003-12-17,4354.2001953125
2003-12-18,4397.2998046875
2003-12-19,4412.2998046875
2003-12-22,4424
2003-12-23,4440.89990234375
2003-12-24,4444.7001953125
2003-12-25,NA
2003-12-26,NA
2003-12-29,4457.5
2003-12-30,4470.39990234375
2003-12-31,4476.89990234375
2004-01-01,NA
2004-01-02,4510.2001953125
2004-01-05,4513.2998046875
2004-01-06,4505.2001953125
2004-01-07,4473
2004-01-08,4494.2001953125
2004-01-09,4466.2998046875
2004-01-12,4449.60009765625
2004-01-13,4440.10009765625
2004-01-14,4461.39990234375
2004-01-15,4456.10009765625
2004-01-16,4487.89990234375
2004-01-19,4518.10009765625
2004-01-20,4499.2998046875
2004-01-21,4511.2001953125
2004-01-22,4476.7998046875
2004-01-23,4460.7998046875
2004-01-26,4445.5
2004-01-27,4447
2004-01-28,4468.10009765625
2004-01-29,4411.5
2004-01-30,4390.7001953125
2004-02-02,4381.39990234375
2004-02-03,4390.60009765625
2004-02-04,4398.5
2004-02-05,4384.39990234375
2004-02-06,4402.7001953125
2004-02-09,4434.39990234375
2004-02-10,4405
2004-02-11,4396.10009765625
2004-02-12,4377.7001953125
2004-02-13,4412
2004-02-16,4408.10009765625
2004-02-17,4461.5
2004-02-18,4442.89990234375
2004-02-19,4515.60009765625
2004-02-20,4515
2004-02-23,4524.2998046875
2004-02-24,4496.7998046875
2004-02-25,4507.60009765625
2004-02-26,4515.89990234375
2004-02-27,4492.2001953125
2004-03-01,4537
2004-03-02,4540.10009765625
2004-03-03,4525.10009765625
2004-03-04,4559.10009765625
2004-03-05,4547.10009765625
2004-03-08,4553.7998046875
2004-03-09,4542
2004-03-10,4545.2998046875
2004-03-11,4445.2001953125
2004-03-12,4467.39990234375
2004-03-15,4412.89990234375
2004-03-16,4428.89990234375
2004-03-17,4456.7998046875
2004-03-18,4397.89990234375
2004-03-19,4417.7001953125
2004-03-22,4333.7998046875
2004-03-23,4318.5
2004-03-24,4309.5
2004-03-25,4373.60009765625
2004-03-26,4357.5
2004-03-29,4406.7001953125
2004-03-30,4412.7998046875
2004-03-31,4385.7001953125
2004-04-01,4410.7001953125
2004-04-02,4465.60009765625
2004-04-05,4480.7001953125
2004-04-06,4472.7998046875
2004-04-07,4468.7001953125
2004-04-08,4489.7001953125
2004-04-09,NA
2004-04-12,NA
2004-04-13,4515.7998046875
2004-04-14,4485.39990234375
2004-04-15,4505.5
2004-04-16,4537.2998046875
2004-04-19,4546.2001953125
2004-04-20,4569
2004-04-21,4539.89990234375
2004-04-22,4571.7998046875
2004-04-23,4570
2004-04-26,4571.89990234375
2004-04-27,4575.7001953125
2004-04-28,4524.5
2004-04-29,4519.5
2004-04-30,4489.7001953125
2004-05-03,NA
2004-05-04,4547.2001953125
2004-05-05,4569.5
2004-05-06,4516.2001953125
2004-05-07,4498.39990234375
2004-05-10,4395.2001953125
2004-05-11,4454.7001953125
2004-05-12,4412.89990234375
2004-05-13,4453.7998046875
2004-05-14,4441.7998046875
2004-05-17,4403
2004-05-18,4414.39990234375
2004-05-19,4471.7998046875
2004-05-20,4428.7001953125
2004-05-21,4431.39990234375
2004-05-24,4428.89990234375
2004-05-25,4418
2004-05-26,4438.2998046875
2004-05-27,4453.60009765625
2004-05-28,4430.7001953125
2004-05-31,NA
2004-06-01,4422.7001953125
2004-06-02,4422.7998046875
2004-06-03,4435.39990234375
2004-06-04,4454.5
2004-06-07,4491.60009765625
2004-06-08,4504.7998046875
2004-06-09,4489.5
2004-06-10,4486.10009765625
2004-06-11,4484
2004-06-14,4433.2001953125
2004-06-15,4458.60009765625
2004-06-16,4491.10009765625
2004-06-17,4493.2998046875
2004-06-18,4505.7998046875
2004-06-21,4502.2001953125
2004-06-22,4468.5
2004-06-23,4486.7001953125
2004-06-24,4503.2001953125
2004-06-25,4494.10009765625
2004-06-28,4518.7001953125
2004-06-29,4512.39990234375
2004-06-30,4464.10009765625
2004-07-01,4424.7001953125
2004-07-02,4407.39990234375
2004-07-05,4403.2998046875
2004-07-06,4370.7001953125
2004-07-07,4358.39990234375
2004-07-08,4381.10009765625
2004-07-09,4393.2001953125
2004-07-12,4360
2004-07-13,4357.7001953125
2004-07-14,4372.60009765625
2004-07-15,4340.7001953125
2004-07-16,4339.2001953125
2004-07-19,4321.10009765625
2004-07-20,4339.39990234375
2004-07-21,4377.2998046875
2004-07-22,4306.2998046875
2004-07-23,4326.2998046875
2004-07-26,4287
2004-07-27,4324.89990234375
2004-07-28,4356.2998046875
2004-07-29,4418.7001953125
2004-07-30,4413.10009765625
2004-08-02,4415.7001953125
2004-08-03,4429.7001953125
2004-08-04,4408.10009765625
2004-08-05,4413.39990234375
2004-08-06,4337.89990234375
2004-08-09,4314.39990234375
2004-08-10,4350.89990234375
2004-08-11,4312.2001953125
2004-08-12,4328.10009765625
2004-08-13,4301.5
2004-08-16,4350.2001953125
2004-08-17,4358.7001953125
2004-08-18,4355.2998046875
2004-08-19,4362.60009765625
2004-08-20,4369.2001953125
2004-08-23,4405.2998046875
2004-08-24,4407.5
2004-08-25,4411.60009765625
2004-08-26,4453.89990234375
2004-08-27,4490.10009765625
2004-08-30,NA
2004-08-31,4459.2998046875
2004-09-01,4502.10009765625
2004-09-02,4518.60009765625
2004-09-03,4550.7998046875
2004-09-06,4563.7998046875
2004-09-07,4565.60009765625
2004-09-08,4558.39990234375
2004-09-09,4538
2004-09-10,4545
2004-09-13,4558.5
2004-09-14,4545.60009765625
2004-09-15,4548.5
2004-09-16,4556.5
2004-09-17,4591
2004-09-20,4579.5
2004-09-21,4608.39990234375
2004-09-22,4592.2998046875
2004-09-23,4568.2998046875
2004-09-24,4578.10009765625
2004-09-27,4541.2001953125
2004-09-28,4567.2998046875
2004-09-29,4588.10009765625
2004-09-30,4570.7998046875
2004-10-01,4659.7001953125
2004-10-04,4681.7998046875
2004-10-05,4707.10009765625
2004-10-06,4706.2998046875
2004-10-07,4698.7001953125
2004-10-08,4698.89990234375
2004-10-11,4685.5
2004-10-12,4647.89990234375
2004-10-13,4634.7998046875
2004-10-14,4629.39990234375
2004-10-15,4622.7001953125
2004-10-18,4626.60009765625
2004-10-19,4655.2001953125
2004-10-20,4616.39990234375
2004-10-21,4617.39990234375
2004-10-22,4615.39990234375
2004-10-25,4564.60009765625
2004-10-26,4583.39990234375
2004-10-27,4630.10009765625
2004-10-28,4642.7998046875
2004-10-29,4624.2001953125
2004-11-01,4673.7998046875
2004-11-02,4693.2001953125
2004-11-03,4718.5
2004-11-04,4728.2998046875
2004-11-05,4739.7998046875
2004-11-08,4716.60009765625
2004-11-09,4717.7001953125
2004-11-10,4734.5
2004-11-11,4776.89990234375
2004-11-12,4793.89990234375
2004-11-15,4803.10009765625
2004-11-16,4770.39990234375
2004-11-17,4795.89990234375
2004-11-18,4805.2998046875
2004-11-19,4760.7998046875
2004-11-22,4733.10009765625
2004-11-23,4742.39990234375
2004-11-24,4719.39990234375
2004-11-25,4753.39990234375
2004-11-26,4741.60009765625
2004-11-29,4749.7998046875
2004-11-30,4703.2001953125
2004-12-01,4735.7001953125
2004-12-02,4751.2001953125
2004-12-03,4747.89990234375
2004-12-06,4722.7998046875
2004-12-07,4728.7001953125
2004-12-08,4703.89990234375
2004-12-09,4688.39990234375
2004-12-10,4694
2004-12-13,4736.7998046875
2004-12-14,4722.7998046875
2004-12-15,4728.2001953125
2004-12-16,4735.2001953125
2004-12-17,4696.7998046875
2004-12-20,4731.10009765625
2004-12-21,4733
2004-12-22,4777.39990234375
2004-12-23,4787.7001953125
2004-12-24,4798.10009765625
2004-12-27,NA
2004-12-28,NA
2004-12-29,4819.7998046875
2004-12-30,4820.10009765625
2004-12-31,4814.2998046875
2005-01-03,NA
2005-01-04,4847
2005-01-05,4806
2005-01-06,4824.2998046875
2005-01-07,4854.10009765625
2005-01-10,4840.7001953125
2005-01-11,4818.7001953125
2005-01-12,4783.60009765625
2005-01-13,4800.2998046875
2005-01-14,4820.7998046875
2005-01-17,4846.7001953125
2005-01-18,4823.89990234375
2005-01-19,4818.2998046875
2005-01-20,4800.7998046875
2005-01-21,4803.2998046875
2005-01-24,4812.5
2005-01-25,4843.2001953125
2005-01-26,4847.10009765625
2005-01-27,4853.39990234375
2005-01-28,4832.7998046875
2005-01-31,4852.2998046875
2005-02-01,4906.2001953125
2005-02-02,4916.2001953125
2005-02-03,4908.2998046875
2005-02-04,4941.5
2005-02-07,4979.7998046875
2005-02-08,4995.5
2005-02-09,4990.39990234375
2005-02-10,5000
2005-02-11,5044.2001953125
2005-02-14,5041.7998046875
2005-02-15,5058.89990234375
2005-02-16,5053.2001953125
2005-02-17,5057.39990234375
2005-02-18,5057.2001953125
2005-02-21,5060.7998046875
2005-02-22,5032.89990234375
2005-02-23,4988.5
2005-02-24,4972.10009765625
2005-02-25,5006.7998046875
2005-02-28,4968.5
2005-03-01,5000.5
2005-03-02,4992.7998046875
2005-03-03,5014.7998046875
2005-03-04,5036.2998046875
2005-03-07,5027.2001953125
2005-03-08,5010.89990234375
2005-03-09,4996.10009765625
2005-03-10,4962.10009765625
2005-03-11,4982.10009765625
2005-03-14,4975
2005-03-15,5000.2001953125
2005-03-16,4937.60009765625
2005-03-17,4922.10009765625
2005-03-18,4923.2998046875
2005-03-21,4933.5
2005-03-22,4937.2998046875
2005-03-23,4910.39990234375
2005-03-24,4922.5
2005-03-25,NA
2005-03-28,NA
2005-03-29,4919
2005-03-30,4900.7001953125
2005-03-31,4894.39990234375
2005-04-01,4914
2005-04-04,4896.7001953125
2005-04-05,4942.89990234375
2005-04-06,4947.39990234375
2005-04-07,4977
2005-04-08,4983.7001953125
2005-04-11,4973.2998046875
2005-04-12,4946.2001953125
2005-04-13,4960.7998046875
2005-04-14,4945.39990234375
2005-04-15,4891.60009765625
2005-04-18,4827.10009765625
2005-04-19,4855.60009765625
2005-04-20,4822
2005-04-21,4819.60009765625
2005-04-22,4849.2998046875
2005-04-25,4864.89990234375
2005-04-26,4845.5
2005-04-27,4789.39990234375
2005-04-28,4790.2001953125
2005-04-29,4801.7001953125
2005-05-02,NA
2005-05-03,4861.2998046875
2005-05-04,4882.5
2005-05-05,4902.2998046875
2005-05-06,4918.89990234375
2005-05-09,4910.2998046875
2005-05-10,4892.39990234375
2005-05-11,4875.39990234375
2005-05-12,4893.2998046875
2005-05-13,4886.5
2005-05-16,4884.2001953125
2005-05-17,4898.5
2005-05-18,4949.39990234375
2005-05-19,4962.7001953125
2005-05-20,4971.7998046875
2005-05-23,4989.7998046875
2005-05-24,4982.5
2005-05-25,4971.5
2005-05-26,4994.89990234375
2005-05-27,4986.2998046875
2005-05-30,NA
2005-05-31,4964
2005-06-01,5011
2005-06-02,5005
2005-06-03,4999.39990234375
2005-06-06,4980.39990234375
2005-06-07,5025.2998046875
2005-06-08,5003.7001953125
2005-06-09,5009.2001953125
2005-06-10,5030.39990234375
2005-06-13,5050.39990234375
2005-06-14,5046.7998046875
2005-06-15,5019.5
2005-06-16,5045
2005-06-17,5077.60009765625
2005-06-20,5072
2005-06-21,5082.10009765625
2005-06-22,5099.2998046875
2005-06-23,5114.39990234375
2005-06-24,5079
2005-06-27,5043.5
2005-06-28,5090.39990234375
2005-06-29,5109.10009765625
2005-06-30,5113.2001953125
2005-07-01,5161
2005-07-04,5184.2998046875
2005-07-05,5190.10009765625
2005-07-06,5229.60009765625
2005-07-07,5158.2998046875
2005-07-08,5232.2001953125
2005-07-11,5242.39990234375
2005-07-12,5217.2001953125
2005-07-13,5245.89990234375
2005-07-14,5259.7001953125
2005-07-15,5230.89990234375
2005-07-18,5214.2001953125
2005-07-19,5201.60009765625
2005-07-20,5215.2001953125
2005-07-21,5221.60009765625
2005-07-22,5241.7998046875
2005-07-25,5270.7001953125
2005-07-26,5256.2001953125
2005-07-27,5263.60009765625
2005-07-28,5270.2998046875
2005-07-29,5282.2998046875
2005-08-01,5290.89990234375
2005-08-02,5327.5
2005-08-03,5332.2998046875
2005-08-04,5315.5
2005-08-05,5314.7998046875
2005-08-08,5344.2998046875
2005-08-09,5363.7001953125
2005-08-10,5377.5
2005-08-11,5358.60009765625
2005-08-12,5345.7998046875
2005-08-15,5344.2001953125
2005-08-16,5322.39990234375
2005-08-17,5292.7001953125
2005-08-18,5269.2998046875
2005-08-19,5312.60009765625
2005-08-22,5318.39990234375
2005-08-23,5300.2001953125
2005-08-24,5275.2001953125
2005-08-25,5255.7001953125
2005-08-26,5228.10009765625
2005-08-29,NA
2005-08-30,5255.7998046875
2005-08-31,5296.89990234375
2005-09-01,5328.5
2005-09-02,5326.89990234375
2005-09-05,5337.7998046875
2005-09-06,5359.2001953125
2005-09-07,5365.89990234375
2005-09-08,5340.7998046875
2005-09-09,5359.2998046875
2005-09-12,5375.10009765625
2005-09-13,5338
2005-09-14,5347.39990234375
2005-09-15,5383.5
2005-09-16,5407.89990234375
2005-09-19,5429.7001953125
2005-09-20,5416.39990234375
2005-09-21,5369.7001953125
2005-09-22,5385.7001953125
2005-09-23,5413.60009765625
2005-09-26,5453.10009765625
2005-09-27,5447.2998046875
2005-09-28,5494.7998046875
2005-09-29,5478.2001953125
2005-09-30,5477.7001953125
2005-10-03,5501.60009765625
2005-10-04,5494.39990234375
2005-10-05,5427.7998046875
2005-10-06,5372.39990234375
2005-10-07,5362.2998046875
2005-10-10,5374.60009765625
2005-10-11,5380.7001953125
2005-10-12,5342.2001953125
2005-10-13,5265.2001953125
2005-10-14,5275
2005-10-17,5286.5
2005-10-18,5263.89990234375
2005-10-19,5167.89990234375
2005-10-20,5164.10009765625
2005-10-21,5142.10009765625
2005-10-24,5207.60009765625
2005-10-25,5182.10009765625
2005-10-26,5227.7998046875
2005-10-27,5182.7998046875
2005-10-28,5213.39990234375
2005-10-31,5317.2998046875
2005-11-01,5344.2998046875
2005-11-02,5358.60009765625
2005-11-03,5431.89990234375
2005-11-04,5423.60009765625
2005-11-07,5460.7998046875
2005-11-08,5460.89990234375
2005-11-09,5439.7998046875
2005-11-10,5423.5
2005-11-11,5465.10009765625
2005-11-14,5470
2005-11-15,5439.60009765625
2005-11-16,5430
2005-11-17,5460
2005-11-18,5498.89990234375
2005-11-21,5497.89990234375
2005-11-22,5517.2001953125
2005-11-23,5531.7001953125
2005-11-24,5511
2005-11-25,5523.7998046875
2005-11-28,5477.39990234375
2005-11-29,5491
2005-11-30,5423.2001953125
2005-12-01,5486.10009765625
2005-12-02,5528.10009765625
2005-12-05,5510.39990234375
2005-12-06,5538.7998046875
2005-12-07,5528.7998046875
2005-12-08,5531.10009765625
2005-12-09,5517.39990234375
2005-12-12,5501.5
2005-12-13,5507.2001953125
2005-12-14,5521.10009765625
2005-12-15,5495.2998046875
2005-12-16,5531.60009765625
2005-12-19,5539.7998046875
2005-12-20,5547.89990234375
2005-12-21,5587.39990234375
2005-12-22,5597
2005-12-23,5595.5
2005-12-26,NA
2005-12-27,NA
2005-12-28,5622.7998046875
2005-12-29,5638.2998046875
2005-12-30,5618.7998046875
2006-01-03,5681.5
2006-01-04,5714.60009765625
2006-01-05,5691.2001953125
2006-01-06,5731.7998046875
2006-01-09,5731.5
2006-01-10,5688.7998046875
2006-01-11,5731.5
2006-01-12,5735.2001953125
2006-01-13,5711
2006-01-16,5740.2001953125
2006-01-17,5699
2006-01-18,5663.7001953125
2006-01-19,5693.2001953125
2006-01-20,5672.39990234375
2006-01-23,5660.89990234375
2006-01-24,5633.7998046875
2006-01-25,5704.39990234375
2006-01-26,5722.60009765625
2006-01-27,5786.7998046875
2006-01-30,5779.7998046875
2006-01-31,5760.2998046875
2006-02-01,5801.60009765625
2006-02-02,5747.2998046875
2006-02-03,5759.2998046875
2006-02-06,5772.39990234375
2006-02-07,5746.7998046875
2006-02-08,5725.10009765625
2006-02-09,5808.7998046875
2006-02-10,5764.10009765625
2006-02-13,5793.5
2006-02-14,5792.2998046875
2006-02-15,5791.5
2006-02-16,5828.89990234375
2006-02-17,5846.2001953125
2006-02-20,5863
2006-02-21,5857.7001953125
2006-02-22,5872.39990234375
2006-02-23,5836
2006-02-24,5860.5
2006-02-27,5875.89990234375
2006-02-28,5791.5
2006-03-01,5844.10009765625
2006-03-02,5833
2006-03-03,5858.7001953125
2006-03-06,5897.7998046875
2006-03-07,5857.39990234375
2006-03-08,5812.89990234375
2006-03-09,5855.89990234375
2006-03-10,5907.89990234375
2006-03-13,5952.7998046875
2006-03-14,5950.60009765625
2006-03-15,5965.10009765625
2006-03-16,5993.2998046875
2006-03-17,5999.39990234375
2006-03-20,5991.7001953125
2006-03-21,5991.2998046875
2006-03-22,6007.5
2006-03-23,5990.10009765625
2006-03-24,6036.2998046875
2006-03-27,5972.2001953125
2006-03-28,5935.7001953125
2006-03-29,5959.2001953125
2006-03-30,6015.2998046875
2006-03-31,5964.60009765625
2006-04-03,6024.2998046875
2006-04-04,6004.7001953125
2006-04-05,6044.10009765625
2006-04-06,6045.7001953125
2006-04-07,6026.10009765625
2006-04-10,6067
2006-04-11,6016.5
2006-04-12,6000.7998046875
2006-04-13,6029.39990234375
2006-04-18,6044.10009765625
2006-04-19,6089.7998046875
2006-04-20,6081.39990234375
2006-04-21,6132.7001953125
2006-04-24,6098.7001953125
2006-04-25,6086.60009765625
2006-04-26,6104.2998046875
2006-04-27,6060
2006-04-28,6023.10009765625
2006-05-02,6082.10009765625
2006-05-03,6010
2006-05-04,6036.89990234375
2006-05-05,6091.7001953125
2006-05-08,6067.10009765625
2006-05-09,6105.60009765625
2006-05-10,6083.39990234375
2006-05-11,6042
2006-05-12,5912.10009765625
2006-05-15,5841.2998046875
2006-05-16,5846.2001953125
2006-05-17,5675.5
2006-05-18,5671.60009765625
2006-05-19,5657.39990234375
2006-05-22,5532.7001953125
2006-05-23,5678.7001953125
2006-05-24,5587.10009765625
2006-05-25,5677.7001953125
2006-05-26,5791
2006-05-30,5652
2006-05-31,5723.7998046875
2006-06-01,5749.7001953125
2006-06-02,5764.60009765625
2006-06-05,5762.10009765625
2006-06-06,5669.7998046875
2006-06-07,5706.2998046875
2006-06-08,5562.89990234375
2006-06-09,5655.2001953125
2006-06-12,5620.89990234375
2006-06-13,5519.60009765625
2006-06-14,5506.7998046875
2006-06-15,5619.2998046875
2006-06-16,5597.39990234375
2006-06-19,5626.10009765625
2006-06-20,5658.2001953125
2006-06-21,5665
2006-06-22,5684.10009765625
2006-06-23,5692.10009765625
2006-06-26,5681.2001953125
2006-06-27,5652.2998046875
2006-06-28,5678.60009765625
2006-06-29,5791.5
2006-06-30,5833.39990234375
2006-07-03,5884.39990234375
2006-07-04,5883.5
2006-07-05,5826.7001953125
2006-07-06,5890
2006-07-07,5888.89990234375
2006-07-10,5896.89990234375
2006-07-11,5857.2998046875
2006-07-12,5860.60009765625
2006-07-13,5765
2006-07-14,5707.60009765625
2006-07-17,5701
2006-07-18,5681.7001953125
2006-07-19,5778
2006-07-20,5770.89990234375
2006-07-21,5719.7001953125
2006-07-24,5833.89990234375
2006-07-25,5851.2001953125
2006-07-26,5877.10009765625
2006-07-27,5929.5
2006-07-28,5974.89990234375
2006-07-31,5928.2998046875
2006-08-01,5880.7998046875
2006-08-02,5932.10009765625
2006-08-03,5838.39990234375
2006-08-04,5889.39990234375
2006-08-07,5828.7998046875
2006-08-08,5818.10009765625
2006-08-09,5860.5
2006-08-10,5823.39990234375
2006-08-11,5820.10009765625
2006-08-14,5870.89990234375
2006-08-15,5897.89990234375
2006-08-16,5896.60009765625
2006-08-17,5900.39990234375
2006-08-18,5903.39990234375
2006-08-21,5915.2001953125
2006-08-22,5902.60009765625
2006-08-23,5860
2006-08-24,5869.10009765625
2006-08-25,5878.60009765625
2006-08-29,5888.2998046875
2006-08-30,5929.2998046875
2006-08-31,5906.10009765625
2006-09-01,5949.2001953125
2006-09-04,5986.60009765625
2006-09-05,5981.7001953125
2006-09-06,5929.2998046875
2006-09-07,5858.10009765625
2006-09-08,5879.2998046875
2006-09-11,5850.7998046875
2006-09-12,5895.5
2006-09-13,5892.2001953125
2006-09-14,5877.2001953125
2006-09-15,5877
2006-09-18,5890.2998046875
2006-09-19,5831.7998046875
2006-09-20,5866.2001953125
2006-09-21,5896.7001953125
2006-09-22,5822.2998046875
2006-09-25,5798.2998046875
2006-09-26,5873.60009765625
2006-09-27,5930.10009765625
2006-09-28,5971.2998046875
2006-09-29,5960.7998046875
2006-10-02,5957.7998046875
2006-10-03,5937.10009765625
2006-10-04,5966.5
2006-10-05,6004.5
2006-10-06,6001.2001953125
2006-10-09,6030.89990234375
2006-10-10,6072.7001953125
2006-10-11,6073.5
2006-10-12,6121.2998046875
2006-10-13,6157.2998046875
2006-10-16,6172.39990234375
2006-10-17,6108.60009765625
2006-10-18,6150.39990234375
2006-10-19,6156
2006-10-20,6155.2001953125
2006-10-23,6166.10009765625
2006-10-24,6182.5
2006-10-25,6214.60009765625
2006-10-26,6184.7998046875
2006-10-27,6160.89990234375
2006-10-30,6126.7998046875
2006-10-31,6129.2001953125
2006-11-01,6149.60009765625
2006-11-02,6149.2998046875
2006-11-03,6148.10009765625
2006-11-06,6224.5
2006-11-07,6244
2006-11-08,6239
2006-11-09,6231.5
2006-11-10,6208.39990234375
2006-11-13,6194.2001953125
2006-11-14,6186.60009765625
2006-11-15,6229.7998046875
2006-11-16,6254.89990234375
2006-11-17,6192
2006-11-20,6204.5
2006-11-21,6202.60009765625
2006-11-22,6160.2998046875
2006-11-23,6140
2006-11-24,6122.10009765625
2006-11-27,6050.10009765625
2006-11-28,6025.89990234375
2006-11-29,6084.39990234375
2006-11-30,6048.89990234375
2006-12-01,6021.5
2006-12-04,6050.39990234375
2006-12-05,6086.39990234375
2006-12-06,6090.39990234375
2006-12-07,6131.5
2006-12-08,6152.39990234375
2006-12-11,6159.7998046875
2006-12-12,6156.39990234375
2006-12-13,6192.5
2006-12-14,6228
2006-12-15,6260
2006-12-18,6247.39990234375
2006-12-19,6204
2006-12-20,6198.60009765625
2006-12-21,6183.7001953125
2006-12-22,6190
2006-12-27,6245.2001953125
2006-12-28,6241
2006-12-29,6220.7998046875
2007-01-02,6310.89990234375
2007-01-03,6319
2007-01-04,6287
2007-01-05,6220.10009765625
2007-01-08,6194.2001953125
2007-01-09,6196.10009765625
2007-01-10,6160.7001953125
2007-01-11,6230.10009765625
2007-01-12,6239
2007-01-15,6263.5
2007-01-16,6215.7001953125
2007-01-17,6204.5
2007-01-18,6210.2998046875
2007-01-19,6237.2001953125
2007-01-22,6218.39990234375
2007-01-23,6227.60009765625
2007-01-24,6314.7998046875
2007-01-25,6269.2998046875
2007-01-26,6228
2007-01-29,6239.89990234375
2007-01-30,6242
2007-01-31,6203.10009765625
2007-02-01,6282.2001953125
2007-02-02,6310.89990234375
2007-02-05,6317.89990234375
2007-02-06,6346.2998046875
2007-02-07,6369.5
2007-02-08,6346.39990234375
2007-02-09,6382.7998046875
2007-02-12,6353.5
2007-02-13,6381.7998046875
2007-02-14,6421.2001953125
2007-02-15,6433.2998046875
2007-02-16,6419.5
2007-02-19,6444.39990234375
2007-02-20,6412.2998046875
2007-02-21,6357.10009765625
2007-02-22,6380.89990234375
2007-02-23,6401.5
2007-02-26,6434.7001953125
2007-02-27,6286.10009765625
2007-02-28,6171.5
2007-03-01,6116
2007-03-02,6116.2001953125
2007-03-05,6058.7001953125
2007-03-06,6138.5
2007-03-07,6156.5
2007-03-08,6227.7001953125
2007-03-09,6245.2001953125
2007-03-12,6233.2998046875
2007-03-13,6161.2001953125
2007-03-14,6000.7001953125
2007-03-15,6133.2001953125
2007-03-16,6130.60009765625
2007-03-19,6189.39990234375
2007-03-20,6220.2998046875
2007-03-21,6256.7998046875
2007-03-22,6318
2007-03-23,6339.39990234375
2007-03-26,6291.89990234375
2007-03-27,6292.60009765625
2007-03-28,6267.2001953125
2007-03-29,6324.2001953125
2007-03-30,6308
2007-04-02,6315.5
2007-04-03,6366.10009765625
2007-04-04,6364.7001953125
2007-04-05,6397.2998046875
2007-04-10,6417.7998046875
2007-04-11,6413.2998046875
2007-04-12,6416.39990234375
2007-04-13,6462.39990234375
2007-04-16,6516.2001953125
2007-04-17,6497.7998046875
2007-04-18,6449.39990234375
2007-04-19,6440.60009765625
2007-04-20,6486.7998046875
2007-04-23,6479.7001953125
2007-04-24,6429.5
2007-04-25,6462
2007-04-26,6469.39990234375
2007-04-27,6418.7001953125
2007-04-30,6449.2001953125
2007-05-01,6419.60009765625
2007-05-02,6484.5
2007-05-03,6537.7998046875
2007-05-04,6603.7001953125
2007-05-08,6550.39990234375
2007-05-09,6549.60009765625
2007-05-10,6524.10009765625
2007-05-11,6565.7001953125
2007-05-14,6555.5
2007-05-15,6568.7001953125
2007-05-16,6559.5
2007-05-17,6579.2998046875
2007-05-18,6640.89990234375
2007-05-21,6636.7998046875
2007-05-22,6606.60009765625
2007-05-23,6616.39990234375
2007-05-24,6565.5
2007-05-25,6570.60009765625
2007-05-29,6606.5
2007-05-30,6602.10009765625
2007-05-31,6621.5
2007-06-01,6676.7001953125
2007-06-04,6664.10009765625
2007-06-05,6632.7998046875
2007-06-06,6522.7001953125
2007-06-07,6505.10009765625
2007-06-08,6505.10009765625
2007-06-11,6567.5
2007-06-12,6520.5
2007-06-13,6559.60009765625
2007-06-14,6649.89990234375
2007-06-15,6732.39990234375
2007-06-18,6703.5
2007-06-19,6650.2001953125
2007-06-20,6649.2998046875
2007-06-21,6596
2007-06-22,6567.39990234375
2007-06-25,6588.39990234375
2007-06-26,6559.2998046875
2007-06-27,6527.60009765625
2007-06-28,6571.2998046875
2007-06-29,6607.89990234375
2007-07-02,6590.60009765625
2007-07-03,6639.7998046875
2007-07-04,6673.10009765625
2007-07-05,6635.2001953125
2007-07-06,6690.10009765625
2007-07-09,6712.7001953125
2007-07-10,6630.89990234375
2007-07-11,6615.10009765625
2007-07-12,6697.7001953125
2007-07-13,6716.7001953125
2007-07-16,6697.7001953125
2007-07-17,6659.2001953125
2007-07-18,6567.10009765625
2007-07-19,6640.2001953125
2007-07-20,6585.2001953125
2007-07-23,6624.39990234375
2007-07-24,6498.7001953125
2007-07-25,6454.2998046875
2007-07-26,6251.2001953125
2007-07-27,6215.2001953125
2007-07-30,6206.10009765625
2007-07-31,6360.10009765625
2007-08-01,6250.60009765625
2007-08-02,6300.2998046875
2007-08-03,6224.2998046875
2007-08-06,6189.10009765625
2007-08-07,6308.7998046875
2007-08-08,6393.89990234375
2007-08-09,6271.2001953125
2007-08-10,6038.2998046875
2007-08-13,6219
2007-08-14,6143.5
2007-08-15,6109.2998046875
2007-08-16,5858.89990234375
2007-08-17,6064.2001953125
2007-08-20,6078.7001953125
2007-08-21,6086.10009765625
2007-08-22,6196
2007-08-23,6196.89990234375
2007-08-24,6220.10009765625
2007-08-28,6102.2001953125
2007-08-29,6132.2001953125
2007-08-30,6212
2007-08-31,6303.2998046875
2007-09-03,6315.2001953125
2007-09-04,6376.7998046875
2007-09-05,6270.7001953125
2007-09-06,6313.2998046875
2007-09-07,6191.2001953125
2007-09-10,6134.10009765625
2007-09-11,6280.7001953125
2007-09-12,6306.2001953125
2007-09-13,6363.89990234375
2007-09-14,6289.2998046875
2007-09-17,6182.7998046875
2007-09-18,6283.2998046875
2007-09-19,6460
2007-09-20,6429
2007-09-21,6456.7001953125
2007-09-24,6465.89990234375
2007-09-25,6396.89990234375
2007-09-26,6433
2007-09-27,6486.39990234375
2007-09-28,6466.7998046875
2007-10-01,6506.2998046875
2007-10-02,6500.39990234375
2007-10-03,6535.2001953125
2007-10-04,6547.89990234375
2007-10-05,6595.7998046875
2007-10-08,6540.89990234375
2007-10-09,6615.39990234375
2007-10-10,6633
2007-10-11,6724.5
2007-10-12,6730.7001953125
2007-10-15,6644.5
2007-10-16,6614.2998046875
2007-10-17,6677.7001953125
2007-10-18,6609.39990234375
2007-10-19,6527.89990234375
2007-10-22,6459.2998046875
2007-10-23,6514
2007-10-24,6482
2007-10-25,6576.2998046875
2007-10-26,6661.2998046875
2007-10-29,6706
2007-10-30,6659
2007-10-31,6721.60009765625
2007-11-01,6586.10009765625
2007-11-02,6530.60009765625
2007-11-05,6461.39990234375
2007-11-06,6474.89990234375
2007-11-07,6385.10009765625
2007-11-08,6381.89990234375
2007-11-09,6304.89990234375
2007-11-12,6337.89990234375
2007-11-13,6362.39990234375
2007-11-14,6432.10009765625
2007-11-15,6359.60009765625
2007-11-16,6291.2001953125
2007-11-19,6120.7998046875
2007-11-20,6226.5
2007-11-21,6070.89990234375
2007-11-22,6155.2998046875
2007-11-23,6262.10009765625
2007-11-26,6180.5
2007-11-27,6140.7001953125
2007-11-28,6306.2001953125
2007-11-29,6349.10009765625
2007-11-30,6432.5
2007-12-03,6386.60009765625
2007-12-04,6315.2001953125
2007-12-05,6493.7998046875
2007-12-06,6485.60009765625
2007-12-07,6554.89990234375
2007-12-10,6565.39990234375
2007-12-11,6536.89990234375
2007-12-12,6559.7998046875
2007-12-13,6364.2001953125
2007-12-14,6397
2007-12-17,6277.7998046875
2007-12-18,6279.2998046875
2007-12-19,6284.5
2007-12-20,6345.60009765625
2007-12-21,6434.10009765625
2007-12-24,6479.2998046875
2007-12-27,6497.7998046875
2007-12-28,6476.89990234375
2007-12-31,6456.89990234375
2008-01-02,6416.7001953125
2008-01-03,6479.39990234375
2008-01-04,6348.5
2008-01-07,6335.7001953125
2008-01-08,6356.5
2008-01-09,6272.7001953125
2008-01-10,6222.7001953125
2008-01-11,6202
2008-01-14,6215.7001953125
2008-01-15,6025.60009765625
2008-01-16,5942.89990234375
2008-01-17,5902.39990234375
2008-01-18,5901.7001953125
2008-01-21,5578.2001953125
2008-01-22,5740.10009765625
2008-01-23,5609.39990234375
2008-01-24,5875.7998046875
2008-01-25,5869
2008-01-28,5788.89990234375
2008-01-29,5885.2001953125
2008-01-30,5837.2998046875
2008-01-31,5879.7998046875
2008-02-01,6029.2001953125
2008-02-04,6026.2001953125
2008-02-05,5868
2008-02-06,5875.39990234375
2008-02-07,5724.10009765625
2008-02-08,5784
2008-02-11,5707.7001953125
2008-02-12,5910
2008-02-13,5880.10009765625
2008-02-14,5879.2998046875
2008-02-15,5787.60009765625
2008-02-18,5946.60009765625
2008-02-19,5966.89990234375
2008-02-20,5893.60009765625
2008-02-21,5932.2001953125
2008-02-22,5888.5
2008-02-25,5999.5
2008-02-26,6087.39990234375
2008-02-27,6076.5
2008-02-28,5965.7001953125
2008-02-29,5884.2998046875
2008-03-03,5818.60009765625
2008-03-04,5767.7001953125
2008-03-05,5853.5
2008-03-06,5766.39990234375
2008-03-07,5699.89990234375
2008-03-10,5629.10009765625
2008-03-11,5690.39990234375
2008-03-12,5776.39990234375
2008-03-13,5692.39990234375
2008-03-14,5631.7001953125
2008-03-17,5414.39990234375
2008-03-18,5605.7998046875
2008-03-19,5545.60009765625
2008-03-20,5495.2001953125
2008-03-25,5689.10009765625
2008-03-26,5660.39990234375
2008-03-27,5717.5
2008-03-28,5692.89990234375
2008-03-31,5702.10009765625
2008-04-01,5852.60009765625
2008-04-02,5915.89990234375
2008-04-03,5891.2998046875
2008-04-04,5947.10009765625
2008-04-07,6014.7998046875
2008-04-08,5990.2001953125
2008-04-09,5983.89990234375
2008-04-10,5965.10009765625
2008-04-11,5895.5
2008-04-14,5831.60009765625
2008-04-15,5906.89990234375
2008-04-16,6046.2001953125
2008-04-17,5980.39990234375
2008-04-18,6056.60009765625
2008-04-21,6053
2008-04-22,6034.7001953125
2008-04-23,6083.60009765625
2008-04-24,6050.7001953125
2008-04-25,6091.39990234375
2008-04-28,6090.39990234375
2008-04-29,6089.39990234375
2008-04-30,6087.2998046875
2008-05-01,6087.2998046875
2008-05-02,6215.5
2008-05-06,6215.2998046875
2008-05-07,6261
2008-05-08,6270.7998046875
2008-05-09,6204.7001953125
2008-05-12,6220.7001953125
2008-05-13,6211.89990234375
2008-05-14,6216
2008-05-15,6251.7998046875
2008-05-16,6304.2998046875
2008-05-19,6376.5
2008-05-20,6191.60009765625
2008-05-21,6198.10009765625
2008-05-22,6181.60009765625
2008-05-23,6087.2998046875
2008-05-27,6058.5
2008-05-28,6069.60009765625
2008-05-29,6068.10009765625
2008-05-30,6053.5
2008-06-02,6007.60009765625
2008-06-03,6057.7001953125
2008-06-04,5970.10009765625
2008-06-05,5995.2998046875
2008-06-06,5906.7998046875
2008-06-09,5877.60009765625
2008-06-10,5827.2998046875
2008-06-11,5723.2998046875
2008-06-12,5790.5
2008-06-13,5802.7998046875
2008-06-16,5794.60009765625
2008-06-17,5861.89990234375
2008-06-18,5756.89990234375
2008-06-19,5708.39990234375
2008-06-20,5620.7998046875
2008-06-23,5667.2001953125
2008-06-24,5634.7001953125
2008-06-25,5666.10009765625
2008-06-26,5518.2001953125
2008-06-27,5530
2008-06-30,5625.89990234375
2008-07-01,5479.89990234375
2008-07-02,5426.2998046875
2008-07-03,5476.60009765625
2008-07-04,5412.7998046875
2008-07-07,5512.7001953125
2008-07-08,5440.5
2008-07-09,5529.60009765625
2008-07-10,5406.7998046875
2008-07-11,5261.60009765625
2008-07-14,5300.39990234375
2008-07-15,5171.89990234375
2008-07-16,5150.60009765625
2008-07-17,5286.2998046875
2008-07-18,5376.39990234375
2008-07-21,5404.2998046875
2008-07-22,5364.2001953125
2008-07-23,5449.89990234375
2008-07-24,5362.2998046875
2008-07-25,5352.60009765625
2008-07-28,5312.60009765625
2008-07-29,5319.2001953125
2008-07-30,5420.7001953125
2008-07-31,5411.89990234375
2008-08-01,5354.7001953125
2008-08-04,5320.2001953125
2008-08-05,5454.5
2008-08-06,5486.10009765625
2008-08-07,5477.5
2008-08-08,5489.2001953125
2008-08-11,5541.7998046875
2008-08-12,5534.5
2008-08-13,5448.60009765625
2008-08-14,5497.5
2008-08-15,5454.7998046875
2008-08-18,5450.2001953125
2008-08-19,5320.39990234375
2008-08-20,5371.7998046875
2008-08-21,5370.2001953125
2008-08-22,5505.60009765625
2008-08-26,5470.7001953125
2008-08-27,5528.2001953125
2008-08-28,5601.2001953125
2008-08-29,5636.60009765625
2008-09-01,5602.7998046875
2008-09-02,5620.7001953125
2008-09-03,5499.7001953125
2008-09-04,5362.10009765625
2008-09-05,5240.7001953125
2008-09-08,5446.2998046875
2008-09-09,5415.60009765625
2008-09-10,5366.2001953125
2008-09-11,5318.39990234375
2008-09-12,5416.7001953125
2008-09-15,5204.2001953125
2008-09-16,5025.60009765625
2008-09-17,4912.39990234375
2008-09-18,4880
2008-09-19,5311.2998046875
2008-09-22,5236.2998046875
2008-09-23,5136.10009765625
2008-09-24,5095.60009765625
2008-09-25,5197
2008-09-26,5088.5
2008-09-29,4818.7998046875
2008-09-30,4902.5
2008-10-01,4959.60009765625
2008-10-02,4870.2998046875
2008-10-03,4980.2998046875
2008-10-06,4589.2001953125
2008-10-07,4605.2001953125
2008-10-08,4366.7001953125
2008-10-09,4313.7998046875
2008-10-10,3932.10009765625
2008-10-13,4256.89990234375
2008-10-14,4394.2001953125
2008-10-15,4079.60009765625
2008-10-16,3861.39990234375
2008-10-17,4063
2008-10-20,4282.7001953125
2008-10-21,4229.7001953125
2008-10-22,4040.89990234375
2008-10-23,4087.80004882812
2008-10-24,3883.39990234375
2008-10-27,3852.60009765625
2008-10-28,3926.39990234375
2008-10-29,4242.5
2008-10-30,4291.7001953125
2008-10-31,4377.2998046875
2008-11-03,4443.2998046875
2008-11-04,4639.5
2008-11-05,4530.7001953125
2008-11-06,4272.39990234375
2008-11-07,4365
2008-11-10,4403.89990234375
2008-11-11,4246.7001953125
2008-11-12,4182
2008-11-13,4169.2001953125
2008-11-14,4233
2008-11-17,4132.2001953125
2008-11-18,4208.60009765625
2008-11-19,4005.69995117188
2008-11-20,3875
2008-11-21,3781
2008-11-24,4153
2008-11-25,4171.2998046875
2008-11-26,4152.7001953125
2008-11-27,4226.10009765625
2008-11-28,4288
2008-12-01,4065.5
2008-12-02,4122.89990234375
2008-12-03,4170
2008-12-04,4163.60009765625
2008-12-05,4049.39990234375
2008-12-08,4300.10009765625
2008-12-09,4381.2998046875
2008-12-10,4367.2998046875
2008-12-11,4388.7001953125
2008-12-12,4280.39990234375
2008-12-15,4277.60009765625
2008-12-16,4309.10009765625
2008-12-17,4324.2001953125
2008-12-18,4330.7001953125
2008-12-19,4286.89990234375
2008-12-22,4249.2001953125
2008-12-23,4256
2008-12-24,4216.60009765625
2008-12-29,4319.39990234375
2008-12-30,4392.7001953125
2008-12-31,4434.2001953125
2009-01-02,4561.7998046875
2009-01-05,4579.60009765625
2009-01-06,4638.89990234375
2009-01-07,4507.5
2009-01-08,4505.39990234375
2009-01-09,4448.5
2009-01-12,4426.2001953125
2009-01-13,4399.2001953125
2009-01-14,4180.60009765625
2009-01-15,4121.10009765625
2009-01-16,4147.10009765625
2009-01-19,4108.5
2009-01-20,4091.39990234375
2009-01-21,4059.89990234375
2009-01-22,4052.19995117188
2009-01-23,4052.5
2009-01-26,4209
2009-01-27,4194.39990234375
2009-01-28,4295.2001953125
2009-01-29,4190.10009765625
2009-01-30,4149.60009765625
2009-02-02,4077.80004882812
2009-02-03,4164.5
2009-02-04,4228.60009765625
2009-02-05,4228.89990234375
2009-02-06,4291.89990234375
2009-02-09,4307.60009765625
2009-02-10,4213.10009765625
2009-02-11,4234.2998046875
2009-02-12,4202.2001953125
2009-02-13,4189.60009765625
2009-02-16,4134.7998046875
2009-02-17,4034.10009765625
2009-02-18,4006.80004882812
2009-02-19,4018.39990234375
2009-02-20,3889.10009765625
2009-02-23,3850.69995117188
2009-02-24,3816.39990234375
2009-02-25,3849
2009-02-26,3915.60009765625
2009-02-27,3830.10009765625
2009-03-02,3625.80004882812
2009-03-03,3512.10009765625
2009-03-04,3645.89990234375
2009-03-05,3529.89990234375
2009-03-06,3530.69995117188
2009-03-09,3542.39990234375
2009-03-10,3715.19995117188
2009-03-11,3693.80004882812
2009-03-12,3712.10009765625
2009-03-13,3753.69995117188
2009-03-16,3864
2009-03-17,3857.10009765625
2009-03-18,3805
2009-03-19,3816.89990234375
2009-03-20,3842.89990234375
2009-03-23,3952.80004882812
2009-03-24,3911.5
2009-03-25,3900.30004882812
2009-03-26,3925.19995117188
2009-03-27,3898.89990234375
2009-03-30,3762.89990234375
2009-03-31,3926.10009765625
2009-04-01,3955.60009765625
2009-04-02,4125
2009-04-03,4029.69995117188
2009-04-06,3993.5
2009-04-07,3930.5
2009-04-08,3925.5
2009-04-09,3983.69995117188
2009-04-14,3989
2009-04-15,3968.39990234375
2009-04-16,4053
2009-04-17,4092.80004882812
2009-04-20,3990.89990234375
2009-04-21,3987.5
2009-04-22,4030.69995117188
2009-04-23,4018.19995117188
2009-04-24,4156
2009-04-27,4167
2009-04-28,4096.39990234375
2009-04-29,4189.60009765625
2009-04-30,4243.7001953125
2009-05-01,4243.2001953125
2009-05-05,4336.89990234375
2009-05-06,4396.5
2009-05-07,4398.7001953125
2009-05-08,4462.10009765625
2009-05-11,4435.5
2009-05-12,4425.5
2009-05-13,4331.39990234375
2009-05-14,4362.60009765625
2009-05-15,4348.10009765625
2009-05-18,4446.5
2009-05-19,4482.2998046875
2009-05-20,4468.39990234375
2009-05-21,4345.5
2009-05-22,4365.2998046875
2009-05-26,4411.7001953125
2009-05-27,4416.2001953125
2009-05-28,4387.5
2009-05-29,4417.89990234375
2009-06-01,4506.2001953125
2009-06-02,4477
2009-06-03,4383.39990234375
2009-06-04,4386.89990234375
2009-06-05,4438.60009765625
2009-06-08,4405.2001953125
2009-06-09,4404.7998046875
2009-06-10,4436.7998046875
2009-06-11,4461.89990234375
2009-06-12,4442
2009-06-15,4326
2009-06-16,4328.60009765625
2009-06-17,4278.5
2009-06-18,4280.89990234375
2009-06-19,4345.89990234375
2009-06-22,4234.10009765625
2009-06-23,4230
2009-06-24,4280
2009-06-25,4252.60009765625
2009-06-26,4241
2009-06-29,4294
2009-06-30,4249.2001953125
2009-07-01,4340.7001953125
2009-07-02,4234.2998046875
2009-07-03,4236.2998046875
2009-07-06,4194.89990234375
2009-07-07,4187
2009-07-08,4140.2001953125
2009-07-09,4158.7001953125
2009-07-10,4127.2001953125
2009-07-13,4202.10009765625
2009-07-14,4237.7001953125
2009-07-15,4346.5
2009-07-16,4361.7998046875
2009-07-17,4388.7998046875
2009-07-20,4443.60009765625
2009-07-21,4481.2001953125
2009-07-22,4493.7001953125
2009-07-23,4559.7998046875
2009-07-24,4576.60009765625
2009-07-27,4586.10009765625
2009-07-28,4528.7998046875
2009-07-29,4547.5
2009-07-30,4631.60009765625
2009-07-31,4608.39990234375
2009-08-03,4682.5
2009-08-04,4671.39990234375
2009-08-05,4647.10009765625
2009-08-06,4690.5
2009-08-07,4731.60009765625
2009-08-10,4722.2001953125
2009-08-11,4671.2998046875
2009-08-12,4716.7998046875
2009-08-13,4755.5
2009-08-14,4714
2009-08-17,4645
2009-08-18,4685.7998046875
2009-08-19,4689.7001953125
2009-08-20,4756.60009765625
2009-08-21,4850.89990234375
2009-08-24,4896.2001953125
2009-08-25,4916.7998046875
2009-08-26,4890.60009765625
2009-08-27,4869.39990234375
2009-08-28,4908.89990234375
2009-09-01,4819.7001953125
2009-09-02,4817.60009765625
2009-09-03,4796.7998046875
2009-09-04,4851.7001953125
2009-09-07,4933.2001953125
2009-09-08,4947.2998046875
2009-09-09,5004.2998046875
2009-09-10,4987.7001953125
2009-09-11,5011.5
2009-09-14,5018.89990234375
2009-09-15,5042.10009765625
2009-09-16,5124.10009765625
2009-09-17,5164
2009-09-18,5172.89990234375
2009-09-21,5134.39990234375
2009-09-22,5142.60009765625
2009-09-23,5139.39990234375
2009-09-24,5079.2998046875
2009-09-25,5082.2001953125
2009-09-28,5165.7001953125
2009-09-29,5159.7001953125
2009-09-30,5133.89990234375
2009-10-01,5047.7998046875
2009-10-02,4988.7001953125
2009-10-05,5024.2998046875
2009-10-06,5138
2009-10-07,5108.89990234375
2009-10-08,5154.60009765625
2009-10-09,5161.89990234375
2009-10-12,5210.2001953125
2009-10-13,5154.2001953125
2009-10-14,5256.10009765625
2009-10-15,5223
2009-10-16,5190.2001953125
2009-10-19,5281.5
2009-10-20,5243.39990234375
2009-10-21,5257.89990234375
2009-10-22,5207.39990234375
2009-10-23,5242.60009765625
2009-10-26,5191.7001953125
2009-10-27,5201
2009-10-28,5080.39990234375
2009-10-29,5137.7001953125
2009-10-30,5044.60009765625
2009-11-02,5104.5
2009-11-03,5037.2001953125
2009-11-04,5107.89990234375
2009-11-05,5125.60009765625
2009-11-06,5142.7001953125
2009-11-09,5235.2001953125
2009-11-10,5230.60009765625
2009-11-11,5266.7998046875
2009-11-12,5276.5
2009-11-13,5296.39990234375
2009-11-16,5382.7001953125
2009-11-17,5345.89990234375
2009-11-18,5342.10009765625
2009-11-19,5267.7001953125
2009-11-20,5251.39990234375
2009-11-23,5355.5
2009-11-24,5324
2009-11-25,5364.7998046875
2009-11-26,5194.10009765625
2009-11-27,5245.7001953125
2009-11-30,5190.7001953125
2009-12-01,5312.2001953125
2009-12-02,5327.39990234375
2009-12-03,5313
2009-12-04,5322.39990234375
2009-12-07,5310.7001953125
2009-12-08,5223.10009765625
2009-12-09,5203.89990234375
2009-12-10,5244.39990234375
2009-12-11,5261.60009765625
2009-12-14,5315.2998046875
2009-12-15,5285.7998046875
2009-12-16,5320.2998046875
2009-12-17,5217.60009765625
2009-12-18,5196.7998046875
2009-12-21,5294
2009-12-22,5328.7001953125
2009-12-23,5372.39990234375
2009-12-24,5402.39990234375
2009-12-29,5437.60009765625
2009-12-30,5397.89990234375
2009-12-31,5412.89990234375
2010-01-04,5500.2998046875
2010-01-05,5522.5
2010-01-06,5530
2010-01-07,5526.7001953125
2010-01-08,5534.2001953125
2010-01-11,5538.10009765625
2010-01-12,5498.7001953125
2010-01-13,5473.5
2010-01-14,5498.2001953125
2010-01-15,5455.39990234375
2010-01-18,5494.39990234375
2010-01-19,5513.10009765625
2010-01-20,5420.7998046875
2010-01-21,5335.10009765625
2010-01-22,5303
2010-01-25,5260.2998046875
2010-01-26,5276.89990234375
2010-01-27,5217.5
2010-01-28,5145.7001953125
2010-01-29,5188.5
2010-02-01,5247.39990234375
2010-02-02,5283.2998046875
2010-02-03,5253.2001953125
2010-02-04,5139.2998046875
2010-02-05,5060.89990234375
2010-02-08,5092.2998046875
2010-02-09,5111.7998046875
2010-02-10,5132
2010-02-11,5161.5
2010-02-12,5142.5
2010-02-15,5167.5
2010-02-16,5244.10009765625
2010-02-17,5276.60009765625
2010-02-18,5325.10009765625
2010-02-19,5358.2001953125
2010-02-22,5352.10009765625
2010-02-23,5315.10009765625
2010-02-24,5342.89990234375
2010-02-25,5278.2001953125
2010-02-26,5354.5
2010-03-01,5405.89990234375
2010-03-02,5484.10009765625
2010-03-03,5533.2001953125
2010-03-04,5527.2001953125
2010-03-05,5599.7998046875
2010-03-08,5606.7001953125
2010-03-09,5602.2998046875
2010-03-10,5640.60009765625
2010-03-11,5617.2998046875
2010-03-12,5625.7001953125
2010-03-15,5593.89990234375
2010-03-16,5620.39990234375
2010-03-17,5644.60009765625
2010-03-18,5642.60009765625
2010-03-19,5650.10009765625
2010-03-22,5644.5
2010-03-23,5673.60009765625
2010-03-24,5677.89990234375
2010-03-25,5727.7001953125
2010-03-26,5703
2010-03-29,5710.7001953125
2010-03-30,5672.2998046875
2010-03-31,5679.60009765625
2010-04-01,5744.89990234375
2010-04-06,5780.39990234375
2010-04-07,5762.10009765625
2010-04-08,5712.7001953125
2010-04-09,5771
2010-04-12,5777.7001953125
2010-04-13,5761.7001953125
2010-04-14,5796.2998046875
2010-04-15,5825
2010-04-16,5744
2010-04-19,5727.89990234375
2010-04-20,5783.7001953125
2010-04-21,5723.39990234375
2010-04-22,5665.2998046875
2010-04-23,5723.7001953125
2010-04-26,5753.89990234375
2010-04-27,5603.5
2010-04-28,5586.60009765625
2010-04-29,5617.7998046875
2010-04-30,5553.2998046875
2010-05-04,5411.10009765625
2010-05-05,5341.89990234375
2010-05-06,5261
2010-05-07,5123
2010-05-10,5387.39990234375
2010-05-11,5334.2001953125
2010-05-12,5383.5
2010-05-13,5433.7001953125
2010-05-14,5262.89990234375
2010-05-17,5262.5
2010-05-18,5307.2998046875
2010-05-19,5158.10009765625
2010-05-20,5073.10009765625
2010-05-21,5062.89990234375
2010-05-24,5069.60009765625
2010-05-25,4940.7001953125
2010-05-26,5038.10009765625
2010-05-27,5195.2001953125
2010-05-28,5188.39990234375
2010-06-01,5163.2998046875
2010-06-02,5151.2998046875
2010-06-03,5211.2001953125
2010-06-04,5126
2010-06-07,5069.10009765625
2010-06-08,5028.2001953125
2010-06-09,5085.89990234375
2010-06-10,5132.5
2010-06-11,5163.7001953125
2010-06-14,5202.10009765625
2010-06-15,5217.7998046875
2010-06-16,5237.89990234375
2010-06-17,5253.89990234375
2010-06-18,5250.7998046875
2010-06-21,5299.10009765625
2010-06-22,5247
2010-06-23,5178.5
2010-06-24,5100.2001953125
2010-06-25,5046.5
2010-06-28,5071.7001953125
2010-06-29,4914.2001953125
2010-06-30,4916.89990234375
2010-07-01,4805.7998046875
2010-07-02,4838.10009765625
2010-07-05,4823.5
2010-07-06,4965
2010-07-07,5014.7998046875
2010-07-08,5105.5
2010-07-09,5132.89990234375
2010-07-12,5167
2010-07-13,5271
2010-07-14,5253.5
2010-07-15,5211.2998046875
2010-07-16,5158.89990234375
2010-07-19,5148.2998046875
2010-07-20,5139.5
2010-07-21,5214.60009765625
2010-07-22,5313.7998046875
2010-07-23,5312.60009765625
2010-07-26,5351.10009765625
2010-07-27,5365.7001953125
2010-07-28,5319.7001953125
2010-07-29,5314
2010-07-30,5258
2010-08-02,5397.10009765625
2010-08-03,5396.5
2010-08-04,5386.2001953125
2010-08-05,5365.7998046875
2010-08-06,5332.39990234375
2010-08-09,5410.5
2010-08-10,5376.39990234375
2010-08-11,5245.2001953125
2010-08-12,5266.10009765625
2010-08-13,5275.39990234375
2010-08-16,5276.10009765625
2010-08-17,5350.60009765625
2010-08-18,5302.89990234375
2010-08-19,5211.2998046875
2010-08-20,5195.2998046875
2010-08-23,5234.7998046875
2010-08-24,5156
2010-08-25,5109.39990234375
2010-08-26,5155.7998046875
2010-08-27,5201.60009765625
2010-08-31,5225.2001953125
2010-09-01,5366.39990234375
2010-09-02,5371
2010-09-03,5428.2001953125
2010-09-06,5439.2001953125
2010-09-07,5407.7998046875
2010-09-08,5429.7001953125
2010-09-09,5494.2001953125
2010-09-10,5501.60009765625
2010-09-13,5565.5
2010-09-14,5567.39990234375
2010-09-15,5555.60009765625
2010-09-16,5540.10009765625
2010-09-17,5508.5
2010-09-20,5602.5
2010-09-21,5576.2001953125
2010-09-22,5551.89990234375
2010-09-23,5547.10009765625
2010-09-24,5598.5
2010-09-27,5573.39990234375
2010-09-28,5578.39990234375
2010-09-29,5569.2998046875
2010-09-30,5548.60009765625
2010-10-01,5592.89990234375
2010-10-04,5556
2010-10-05,5635.7998046875
2010-10-06,5681.39990234375
2010-10-07,5662.10009765625
2010-10-08,5657.60009765625
2010-10-11,5672.39990234375
2010-10-12,5661.60009765625
2010-10-13,5747.39990234375
2010-10-14,5727.2001953125
2010-10-15,5703.39990234375
2010-10-18,5742.5
2010-10-19,5703.89990234375
2010-10-20,5728.89990234375
2010-10-21,5757.89990234375
2010-10-22,5741.39990234375
2010-10-25,5752
2010-10-26,5707.2998046875
2010-10-27,5646
2010-10-28,5677.89990234375
2010-10-29,5675.2001953125
2010-11-01,5694.60009765625
2010-11-02,5757.39990234375
2010-11-03,5749
2010-11-04,5862.7998046875
2010-11-05,5875.39990234375
2010-11-08,5850
2010-11-09,5875.2001953125
2010-11-10,5816.89990234375
2010-11-11,5815.2001953125
2010-11-12,5796.89990234375
2010-11-15,5820.39990234375
2010-11-16,5681.89990234375
2010-11-17,5692.60009765625
2010-11-18,5768.7001953125
2010-11-19,5732.7998046875
2010-11-22,5680.7998046875
2010-11-23,5581.2998046875
2010-11-24,5657.10009765625
2010-11-25,5698.89990234375
2010-11-26,5668.7001953125
2010-11-29,5551
2010-11-30,5528.2998046875
2010-12-01,5642.5
2010-12-02,5767.60009765625
2010-12-03,5745.2998046875
2010-12-06,5770.2998046875
2010-12-07,5808.5
2010-12-08,5794.5
2010-12-09,5808
2010-12-10,5813
2010-12-13,5860.7998046875
2010-12-14,5891.2001953125
2010-12-15,5882.2001953125
2010-12-16,5881.10009765625
2010-12-17,5871.7998046875
2010-12-20,5891.60009765625
2010-12-21,5951.7998046875
2010-12-22,5983.5
2010-12-23,5996.10009765625
2010-12-24,6008.89990234375
2010-12-29,5996.39990234375
2010-12-30,5971
2010-12-31,5899.89990234375
2011-01-04,6013.89990234375
2011-01-05,6043.89990234375
2011-01-06,6019.5
2011-01-07,5984.2998046875
2011-01-10,5956.2998046875
2011-01-11,6014
2011-01-12,6050.7001953125
2011-01-13,6023.89990234375
2011-01-14,6002.10009765625
2011-01-17,5985.7001953125
2011-01-18,6056.39990234375
2011-01-19,5976.7001953125
2011-01-20,5867.89990234375
2011-01-21,5896.2998046875
2011-01-24,5943.89990234375
2011-01-25,5917.7001953125
2011-01-26,5969.2001953125
2011-01-27,5965.10009765625
2011-01-28,5881.39990234375
2011-01-31,5862.89990234375
2011-02-01,5957.7998046875
2011-02-02,6000.10009765625
2011-02-03,5983.2998046875
2011-02-04,5997.39990234375
2011-02-07,6051
2011-02-08,6091.2998046875
2011-02-09,6052.2998046875
2011-02-10,6020
2011-02-11,6062.89990234375
2011-02-14,6060.10009765625
2011-02-15,6037.10009765625
2011-02-16,6085.2998046875
2011-02-17,6087.39990234375
2011-02-18,6083
2011-02-21,6014.7998046875
2011-02-22,5996.7998046875
2011-02-23,5923.5
2011-02-24,5920
2011-02-25,6001.2001953125
2011-02-28,5994
2011-03-01,5935.7998046875
2011-03-02,5914.89990234375
2011-03-03,6005.10009765625
2011-03-04,5990.39990234375
2011-03-07,5973.7998046875
2011-03-08,5974.7998046875
2011-03-09,5937.2998046875
2011-03-10,5845.2998046875
2011-03-11,5828.7001953125
2011-03-14,5775.2001953125
2011-03-15,5695.2998046875
2011-03-16,5598.2001953125
2011-03-17,5696.10009765625
2011-03-18,5718.10009765625
2011-03-21,5786.10009765625
2011-03-22,5762.7001953125
2011-03-23,5795.89990234375
2011-03-24,5880.89990234375
2011-03-25,5900.7998046875
2011-03-28,5904.5
2011-03-29,5932.2001953125
2011-03-30,5948.2998046875
2011-03-31,5908.7998046875
2011-04-01,6009.89990234375
2011-04-04,6017
2011-04-05,6007.10009765625
2011-04-06,6041.10009765625
2011-04-07,6007.39990234375
2011-04-08,6055.7998046875
2011-04-11,6053.39990234375
2011-04-12,5964.5
2011-04-13,6010.39990234375
2011-04-14,5963.7998046875
2011-04-15,5996
2011-04-18,5870.10009765625
2011-04-19,5896.89990234375
2011-04-20,6022.2998046875
2011-04-21,6018.2998046875
2011-04-26,6069.39990234375
2011-04-27,6068.2001953125
2011-04-28,6069.89990234375
2011-04-29,NA
2011-05-03,6082.89990234375
2011-05-04,5984.10009765625
2011-05-05,5920
2011-05-06,5976.7998046875
2011-05-09,5942.7001953125
2011-05-10,6018.89990234375
2011-05-11,5976
2011-05-12,5945
2011-05-13,5925.89990234375
2011-05-16,5923.7001953125
2011-05-17,5861
2011-05-18,5923.5
2011-05-19,5956
2011-05-20,5948.5
2011-05-23,5835.89990234375
2011-05-24,5858.39990234375
2011-05-25,5870.10009765625
2011-05-26,5881
2011-05-27,5938.89990234375
2011-05-31,5990
2011-06-01,5928.60009765625
2011-06-02,5847.89990234375
2011-06-03,5855
2011-06-06,5863.2001953125
2011-06-07,5864.7001953125
2011-06-08,5808.89990234375
2011-06-09,5856.2998046875
2011-06-10,5765.7998046875
2011-06-13,5773.5
2011-06-14,5803.10009765625
2011-06-15,5742.60009765625
2011-06-16,5698.7998046875
2011-06-17,5714.89990234375
2011-06-20,5693.39990234375
2011-06-21,5775.2998046875
2011-06-22,5773
2011-06-23,5674.39990234375
2011-06-24,5697.7001953125
2011-06-27,5722.2998046875
2011-06-28,5766.89990234375
2011-06-29,5856
2011-06-30,5945.7001953125
2011-07-01,5989.7998046875
2011-07-04,6017.5
2011-07-05,6024
2011-07-06,6002.89990234375
2011-07-07,6054.60009765625
2011-07-08,5990.60009765625
2011-07-11,5929.2001953125
2011-07-12,5869
2011-07-13,5906.39990234375
2011-07-14,5847
2011-07-15,5843.7001953125
2011-07-18,5752.7998046875
2011-07-19,5790
2011-07-20,5853.7998046875
2011-07-21,5899.89990234375
2011-07-22,5935
2011-07-25,5925.2998046875
2011-07-26,5929.7001953125
2011-07-27,5856.60009765625
2011-07-28,5873.2001953125
2011-07-29,5815.2001953125
2011-08-01,5774.39990234375
2011-08-02,5718.39990234375
2011-08-03,5584.5
2011-08-04,5393.10009765625
2011-08-05,5247
2011-08-08,5069
2011-08-09,5164.89990234375
2011-08-10,5007.2001953125
2011-08-11,5162.7998046875
2011-08-12,5320
2011-08-15,5350.60009765625
2011-08-16,5357.60009765625
2011-08-17,5331.60009765625
2011-08-18,5092.2001953125
2011-08-19,5040.7998046875
2011-08-22,5095.2998046875
2011-08-23,5129.39990234375
2011-08-24,5205.89990234375
2011-08-25,5131.10009765625
2011-08-26,5129.89990234375
2011-08-30,5268.7001953125
2011-08-31,5394.5
2011-09-01,5418.7001953125
2011-09-02,5292
2011-09-05,5102.60009765625
2011-09-06,5156.7998046875
2011-09-07,5318.60009765625
2011-09-08,5340.39990234375
2011-09-09,5214.7001953125
2011-09-12,5129.60009765625
2011-09-13,5174.2998046875
2011-09-14,5227
2011-09-15,5337.5
2011-09-16,5368.39990234375
2011-09-19,5259.60009765625
2011-09-20,5363.7001953125
2011-09-21,5288.39990234375
2011-09-22,5041.60009765625
2011-09-23,5066.7998046875
2011-09-26,5089.39990234375
2011-09-27,5294.10009765625
2011-09-28,5217.60009765625
2011-09-29,5196.7998046875
2011-09-30,5128.5
2011-10-03,5075.5
2011-10-04,4944.39990234375
2011-10-05,5102.2001953125
2011-10-06,5291.2998046875
2011-10-07,5303.39990234375
2011-10-10,5399
2011-10-11,5395.7001953125
2011-10-12,5441.7998046875
2011-10-13,5403.39990234375
2011-10-14,5466.39990234375
2011-10-17,5436.7001953125
2011-10-18,5410.39990234375
2011-10-19,5450.5
2011-10-20,5384.7001953125
2011-10-21,5488.7001953125
2011-10-24,5548.10009765625
2011-10-25,5525.5
2011-10-26,5553.2001953125
2011-10-27,5713.7998046875
2011-10-28,5702.2001953125
2011-10-31,5544.2001953125
2011-11-01,5421.60009765625
2011-11-02,5484.10009765625
2011-11-03,5545.60009765625
2011-11-04,5527.2001953125
2011-11-07,5510.7998046875
2011-11-08,5567.2998046875
2011-11-09,5460.39990234375
2011-11-10,5444.7998046875
2011-11-11,5545.39990234375
2011-11-14,5519
2011-11-15,5517.39990234375
2011-11-16,5509
2011-11-17,5423.10009765625
2011-11-18,5362.89990234375
2011-11-21,5222.60009765625
2011-11-22,5206.7998046875
2011-11-23,5139.7998046875
2011-11-24,5127.60009765625
2011-11-25,5164.7001953125
2011-11-28,5312.7998046875
2011-11-29,5337
2011-11-30,5505.39990234375
2011-12-01,5489.2998046875
2011-12-02,5552.2998046875
2011-12-05,5568
2011-12-06,5568.7001953125
2011-12-07,5546.89990234375
2011-12-08,5483.7998046875
2011-12-09,5529.2001953125
2011-12-12,5427.89990234375
2011-12-13,5490.2001953125
2011-12-14,5366.7998046875
2011-12-15,5400.89990234375
2011-12-16,5387.2998046875
2011-12-19,5365
2011-12-20,5419.60009765625
2011-12-21,5389.7001953125
2011-12-22,5457
2011-12-23,5512.7001953125
2011-12-28,5507.39990234375
2011-12-29,5566.7998046875
2011-12-30,5572.2998046875
2012-01-03,5699.89990234375
2012-01-04,5668.5
2012-01-05,5624.2998046875
2012-01-06,5649.7001953125
2012-01-09,5612.2998046875
2012-01-10,5696.7001953125
2012-01-11,5670.7998046875
2012-01-12,5662.39990234375
2012-01-13,5636.60009765625
2012-01-16,5657.39990234375
2012-01-17,5694
2012-01-18,5702.39990234375
2012-01-19,5741.2001953125
2012-01-20,5728.60009765625
2012-01-23,5782.60009765625
2012-01-24,5751.89990234375
2012-01-25,5723
2012-01-26,5795.2001953125
2012-01-27,5733.5
2012-01-30,5671.10009765625
2012-01-31,5681.60009765625
2012-02-01,5790.7001953125
2012-02-02,5796.10009765625
2012-02-03,5901.10009765625
2012-02-06,5892.2001953125
2012-02-07,5890.2998046875
2012-02-08,5875.89990234375
2012-02-09,5895.5
2012-02-10,5852.39990234375
2012-02-13,5905.7001953125
2012-02-14,5899.89990234375
2012-02-15,5892.2001953125
2012-02-16,5885.39990234375
2012-02-17,5905.10009765625
2012-02-20,5945.2998046875
2012-02-21,5928.2001953125
2012-02-22,5916.60009765625
2012-02-23,5937.89990234375
2012-02-24,5935.10009765625
2012-02-27,5915.60009765625
2012-02-28,5927.89990234375
2012-02-29,5871.5
2012-03-01,5931.2998046875
2012-03-02,5911.10009765625
2012-03-05,5874.7998046875
2012-03-06,5765.7998046875
2012-03-07,5791.39990234375
2012-03-08,5859.7001953125
2012-03-09,5887.5
2012-03-12,5892.7998046875
2012-03-13,5955.89990234375
2012-03-14,5945.39990234375
2012-03-15,5940.7001953125
2012-03-16,5965.60009765625
2012-03-19,5961.10009765625
2012-03-20,5891.39990234375
2012-03-21,5892
2012-03-22,5845.7001953125
2012-03-23,5854.89990234375
2012-03-26,5902.7001953125
2012-03-27,5869.60009765625
2012-03-28,5809
2012-03-29,5742
2012-03-30,5768.5
2012-04-02,5874.89990234375
2012-04-03,5838.2998046875
2012-04-04,5703.7998046875
2012-04-05,5723.7001953125
2012-04-10,5595.60009765625
2012-04-11,5634.7001953125
2012-04-12,5710.5
2012-04-13,5651.7998046875
2012-04-16,5666.2998046875
2012-04-17,5767
2012-04-18,5745.2998046875
2012-04-19,5744.60009765625
2012-04-20,5772.2001953125
2012-04-23,5665.60009765625
2012-04-24,5709.5
2012-04-25,5718.89990234375
2012-04-26,5748.7001953125
2012-04-27,5777.10009765625
2012-04-30,5737.7998046875
2012-05-01,5812.2001953125
2012-05-02,5758.10009765625
2012-05-03,5766.60009765625
2012-05-04,5655.10009765625
2012-05-08,5554.60009765625
2012-05-09,5530.10009765625
2012-05-10,5544
2012-05-11,5575.5
2012-05-14,5465.5
2012-05-15,5437.60009765625
2012-05-16,5405.2998046875
2012-05-17,5338.39990234375
2012-05-18,5267.60009765625
2012-05-21,5304.5
2012-05-22,5403.2998046875
2012-05-23,5266.39990234375
2012-05-24,5350.10009765625
2012-05-25,5351.5
2012-05-29,5391.10009765625
2012-05-30,5297.2998046875
2012-05-31,5320.89990234375
2012-06-01,5260.2001953125
2012-06-06,5384.10009765625
2012-06-07,5447.7998046875
2012-06-08,5435.10009765625
2012-06-11,5432.39990234375
2012-06-12,5473.7001953125
2012-06-13,5483.7998046875
2012-06-14,5467.10009765625
2012-06-15,5478.7998046875
2012-06-18,5491.10009765625
2012-06-19,5586.2998046875
2012-06-20,5622.2998046875
2012-06-21,5566.39990234375
2012-06-22,5513.7001953125
2012-06-25,5450.7001953125
2012-06-26,5447
2012-06-27,5523.89990234375
2012-06-28,5493.10009765625
2012-06-29,5571.2001953125
2012-07-02,5640.60009765625
2012-07-03,5687.7001953125
2012-07-04,5684.5
2012-07-05,5692.60009765625
2012-07-06,5662.60009765625
2012-07-09,5627.2998046875
2012-07-10,5664.10009765625
2012-07-11,5664.5
2012-07-12,5608.2998046875
2012-07-13,5666.10009765625
2012-07-16,5662.39990234375
2012-07-17,5629.10009765625
2012-07-18,5685.7998046875
2012-07-19,5714.2001953125
2012-07-20,5651.7998046875
2012-07-23,5533.89990234375
2012-07-24,5499.2001953125
2012-07-25,5498.2998046875
2012-07-26,5573.2001953125
2012-07-27,5627.2001953125
2012-07-30,5693.60009765625
2012-07-31,5635.2998046875
2012-08-01,5712.7998046875
2012-08-02,5662.2998046875
2012-08-03,5787.2998046875
2012-08-06,5808.7998046875
2012-08-07,5841.2001953125
2012-08-08,5845.89990234375
2012-08-09,5851.5
2012-08-10,5847.10009765625
2012-08-13,5831.89990234375
2012-08-14,5864.7998046875
2012-08-15,5833
2012-08-16,5834.5
2012-08-17,5852.39990234375
2012-08-20,5824.39990234375
2012-08-21,5857.5
2012-08-22,5774.2001953125
2012-08-23,5776.60009765625
2012-08-24,5776.60009765625
2012-08-28,5775.7001953125
2012-08-29,5743.5
2012-08-30,5719.5
2012-08-31,5711.5
2012-09-03,5758.39990234375
2012-09-04,5672
2012-09-05,5657.89990234375
2012-09-06,5777.2998046875
2012-09-07,5794.7998046875
2012-09-10,5793.2001953125
2012-09-11,5792.2001953125
2012-09-12,5782.10009765625
2012-09-13,5819.89990234375
2012-09-14,5915.60009765625
2012-09-17,5893.5
2012-09-18,5868.2001953125
2012-09-19,5888.5
2012-09-20,5854.60009765625
2012-09-21,5852.60009765625
2012-09-24,5838.7998046875
2012-09-25,5859.7001953125
2012-09-26,5768.10009765625
2012-09-27,5779.39990234375
2012-09-28,5742.10009765625
2012-10-01,5820.5
2012-10-02,5809.5
2012-10-03,5825.7998046875
2012-10-04,5827.7998046875
2012-10-05,5871
2012-10-08,5841.7001953125
2012-10-09,5810.2998046875
2012-10-10,5776.7001953125
2012-10-11,5829.7998046875
2012-10-12,5793.2998046875
2012-10-15,5805.60009765625
2012-10-16,5870.5
2012-10-17,5910.89990234375
2012-10-18,5917.10009765625
2012-10-19,5896.2001953125
2012-10-22,5882.89990234375
2012-10-23,5797.89990234375
2012-10-24,5804.7998046875
2012-10-25,5805.10009765625
2012-10-26,5806.7001953125
2012-10-29,5795.10009765625
2012-10-30,5849.89990234375
2012-10-31,5782.7001953125
2012-11-01,5861.89990234375
2012-11-02,5868.60009765625
2012-11-05,5839.10009765625
2012-11-06,5884.89990234375
2012-11-07,5791.60009765625
2012-11-08,5776.10009765625
2012-11-09,5769.7001953125
2012-11-12,5767.2998046875
2012-11-13,5786.2998046875
2012-11-14,5722
2012-11-15,5677.7998046875
2012-11-16,5605.60009765625
2012-11-19,5737.7001953125
2012-11-20,5748.10009765625
2012-11-21,5752
2012-11-22,5791
2012-11-23,5819.10009765625
2012-11-26,5786.7001953125
2012-11-27,5799.7001953125
2012-11-28,5803.2998046875
2012-11-29,5870.2998046875
2012-11-30,5866.7998046875
2012-12-03,5871.2001953125
2012-12-04,5869
2012-12-05,5892.10009765625
2012-12-06,5901.39990234375
2012-12-07,5914.39990234375
2012-12-10,5921.60009765625
2012-12-11,5925
2012-12-12,5945.89990234375
2012-12-13,5929.60009765625
2012-12-14,5921.7998046875
2012-12-17,5912.2001953125
2012-12-18,5935.89990234375
2012-12-19,5961.60009765625
2012-12-20,5958.2998046875
2012-12-21,5940
2012-12-24,5954.2001953125
2012-12-27,5954.2998046875
2012-12-28,5925.39990234375
2012-12-31,5897.7998046875
2013-01-02,6027.39990234375
2013-01-03,6047.2998046875
2013-01-04,6089.7998046875
2013-01-07,6064.60009765625
2013-01-08,6053.60009765625
2013-01-09,6098.7001953125
2013-01-10,6101.5
2013-01-11,6121.60009765625
2013-01-14,6107.89990234375
2013-01-15,6117.2998046875
2013-01-16,6104
2013-01-17,6132.39990234375
2013-01-18,6154.39990234375
2013-01-21,6181
2013-01-22,6179.2001953125
2013-01-23,6197.60009765625
2013-01-24,6264.89990234375
2013-01-25,6284.5
2013-01-28,6294.39990234375
2013-01-29,6339.2001953125
2013-01-30,6323.10009765625
2013-01-31,6276.89990234375
2013-02-01,6347.2001953125
2013-02-04,6246.7998046875
2013-02-05,6282.7998046875
2013-02-06,6295.2998046875
2013-02-07,6228.39990234375
2013-02-08,6263.89990234375
2013-02-11,6277.10009765625
2013-02-12,6338.39990234375
2013-02-13,6359.10009765625
2013-02-14,6327.39990234375
2013-02-15,6328.2998046875
2013-02-18,6318.2001953125
2013-02-19,6379.10009765625
2013-02-20,6395.39990234375
2013-02-21,6291.5
2013-02-22,6335.7001953125
2013-02-25,6355.39990234375
2013-02-26,6270.39990234375
2013-02-27,6325.89990234375
2013-02-28,6360.7998046875
2013-03-01,6378.60009765625
2013-03-04,6345.60009765625
2013-03-05,6432
2013-03-06,6427.60009765625
2013-03-07,6439.2001953125
2013-03-08,6483.60009765625
2013-03-11,6503.60009765625
2013-03-12,6510.60009765625
2013-03-13,6481.5
2013-03-14,6529.39990234375
2013-03-15,6489.7001953125
2013-03-18,6457.89990234375
2013-03-19,6441.2998046875
2013-03-20,6432.7001953125
2013-03-21,6388.60009765625
2013-03-22,6392.7998046875
2013-03-25,6378.39990234375
2013-03-26,6399.39990234375
2013-03-27,6387.60009765625
2013-03-28,6411.7001953125
2013-04-02,6490.7001953125
2013-04-03,6420.2998046875
2013-04-04,6344.10009765625
2013-04-05,6249.7998046875
2013-04-08,6276.89990234375
2013-04-09,6313.2001953125
2013-04-10,6387.39990234375
2013-04-11,6416.10009765625
2013-04-12,6384.39990234375
2013-04-15,6343.60009765625
2013-04-16,6304.60009765625
2013-04-17,6244.2001953125
2013-04-18,6243.7001953125
2013-04-19,6286.60009765625
2013-04-22,6280.60009765625
2013-04-23,6406.10009765625
2013-04-24,6431.7998046875
2013-04-25,6442.60009765625
2013-04-26,6426.39990234375
2013-04-29,6458
2013-04-30,6430.10009765625
2013-05-01,6451.2998046875
2013-05-02,6460.7001953125
2013-05-03,6521.5
2013-05-07,6557.2998046875
2013-05-08,6583.5
2013-05-09,6592.7001953125
2013-05-10,6625
2013-05-13,6631.7998046875
2013-05-14,6686.10009765625
2013-05-15,6693.60009765625
2013-05-16,6687.7998046875
2013-05-17,6723.10009765625
2013-05-20,6755.60009765625
2013-05-21,6803.89990234375
2013-05-22,6840.2998046875
2013-05-23,6696.7998046875
2013-05-24,6654.2998046875
2013-05-28,6762
2013-05-29,6627.2001953125
2013-05-30,6657
2013-05-31,6583.10009765625
2013-06-03,6525.10009765625
2013-06-04,6558.60009765625
2013-06-05,6419.2998046875
2013-06-06,6336.10009765625
2013-06-07,6412
2013-06-10,6400.5
2013-06-11,6340.10009765625
2013-06-12,6299.5
2013-06-13,6304.60009765625
2013-06-14,6308.2998046875
2013-06-17,6330.5
2013-06-18,6374.2001953125
2013-06-19,6348.7998046875
2013-06-20,6159.5
2013-06-21,6116.2001953125
2013-06-24,6029.10009765625
2013-06-25,6101.89990234375
2013-06-26,6165.5
2013-06-27,6243.39990234375
2013-06-28,6215.5
2013-07-01,6307.7998046875
2013-07-02,6303.89990234375
2013-07-03,6229.89990234375
2013-07-04,6421.7001953125
2013-07-05,6375.5
2013-07-08,6450.10009765625
2013-07-09,6513.10009765625
2013-07-10,6505
2013-07-11,6543.39990234375
2013-07-12,6544.89990234375
2013-07-15,6586.10009765625
2013-07-16,6556.39990234375
2013-07-17,6571.89990234375
2013-07-18,6634.39990234375
2013-07-19,6630.7001953125
2013-07-22,6623.2001953125
2013-07-23,6597.39990234375
2013-07-24,6620.39990234375
2013-07-25,6588
2013-07-26,6554.7998046875
2013-07-29,6560.2998046875
2013-07-30,6571
2013-07-31,6621.10009765625
2013-08-01,6682
2013-08-02,6647.89990234375
2013-08-05,6619.60009765625
2013-08-06,6604.2001953125
2013-08-07,6511.2001953125
2013-08-08,6529.7001953125
2013-08-09,6583.39990234375
2013-08-12,6574.2998046875
2013-08-13,6611.89990234375
2013-08-14,6587.39990234375
2013-08-15,6483.2998046875
2013-08-16,6500
2013-08-19,6465.7001953125
2013-08-20,6453.5
2013-08-21,6390.7998046875
2013-08-22,6446.89990234375
2013-08-23,6492.10009765625
2013-08-27,6441
2013-08-28,6430.10009765625
2013-08-29,6483.10009765625
2013-08-30,6412.89990234375
2013-09-02,6506.2001953125
2013-09-03,6468.39990234375
2013-09-04,6474.7001953125
2013-09-05,6532.39990234375
2013-09-06,6547.2998046875
2013-09-09,6530.7001953125
2013-09-10,6584
2013-09-11,6588.39990234375
2013-09-12,6589
2013-09-13,6583.7998046875
2013-09-16,6622.89990234375
2013-09-17,6570.2001953125
2013-09-18,6558.7998046875
2013-09-19,6625.39990234375
2013-09-20,6596.39990234375
2013-09-23,6557.39990234375
2013-09-24,6571.5
2013-09-25,6551.5
2013-09-26,6565.60009765625
2013-09-27,6512.7001953125
2013-09-30,6462.2001953125
2013-10-01,6460
2013-10-02,6437.5
2013-10-03,6449
2013-10-04,6453.89990234375
2013-10-07,6437.2998046875
2013-10-08,6365.7998046875
2013-10-09,6337.89990234375
2013-10-10,6430.5
2013-10-11,6487.2001953125
2013-10-14,6507.7001953125
2013-10-15,6549.10009765625
2013-10-16,6571.60009765625
2013-10-17,6576.2001953125
2013-10-18,6622.60009765625
2013-10-21,6654.2001953125
2013-10-22,6695.7001953125
2013-10-23,6674.5
2013-10-24,6713.2001953125
2013-10-25,6721.2998046875
2013-10-28,6725.7998046875
2013-10-29,6774.7001953125
2013-10-30,6777.7001953125
2013-10-31,6731.39990234375
2013-11-01,6734.7001953125
2013-11-04,6763.60009765625
2013-11-05,6746.7998046875
2013-11-06,6741.7001953125
2013-11-07,6697.2001953125
2013-11-08,6708.39990234375
2013-11-11,6728.39990234375
2013-11-12,6726.7998046875
2013-11-13,6630
2013-11-14,6666.10009765625
2013-11-15,6693.39990234375
2013-11-18,6723.5
2013-11-19,6698
2013-11-20,6681.10009765625
2013-11-21,6681.2998046875
2013-11-22,6674.2998046875
2013-11-25,6694.60009765625
2013-11-26,6636.2001953125
2013-11-27,6649.5
2013-11-28,6654.5
2013-11-29,6650.60009765625
2013-12-02,6595.2998046875
2013-12-03,6532.39990234375
2013-12-04,6510
2013-12-05,6498.2998046875
2013-12-06,6552
2013-12-09,6559.5
2013-12-10,6523.2998046875
2013-12-11,6507.7001953125
2013-12-12,6445.2998046875
2013-12-13,6440
2013-12-16,6522.2001953125
2013-12-17,6486.2001953125
2013-12-18,6492.10009765625
2013-12-19,6584.7001953125
2013-12-20,6606.60009765625
2013-12-23,6678.60009765625
2013-12-24,6694.2001953125
2013-12-27,6750.89990234375
2013-12-30,6731.2998046875
2013-12-31,6749.10009765625
2014-01-02,6717.89990234375
2014-01-03,6730.7001953125
2014-01-06,6730.7001953125
2014-01-07,6755.5
2014-01-08,6721.7998046875
2014-01-09,6691.2998046875
2014-01-10,6739.89990234375
2014-01-13,6757.2001953125
2014-01-14,6766.89990234375
2014-01-15,6819.89990234375
2014-01-16,6815.39990234375
2014-01-17,6829.2998046875
2014-01-20,6836.7001953125
2014-01-21,6834.2998046875
2014-01-22,6826.2998046875
2014-01-23,6773.2998046875
2014-01-24,6663.7001953125
2014-01-27,6550.7001953125
2014-01-28,6572.2998046875
2014-01-29,6544.2998046875
2014-01-30,6538.5
2014-01-31,6510.39990234375
2014-02-03,6465.7001953125
2014-02-04,6449.2998046875
2014-02-05,6457.89990234375
2014-02-06,6558.2998046875
2014-02-07,6571.7001953125
2014-02-10,6591.60009765625
2014-02-11,6672.7001953125
2014-02-12,6675
2014-02-13,6659.39990234375
2014-02-14,6663.60009765625
2014-02-17,6736
2014-02-18,6796.39990234375
2014-02-19,6796.7001953125
2014-02-20,6813
2014-02-21,6838.10009765625
2014-02-24,6865.89990234375
2014-02-25,6830.5
2014-02-26,6799.2001953125
2014-02-27,6810.2998046875
2014-02-28,6809.7001953125
2014-03-03,6708.39990234375
2014-03-04,6823.7998046875
2014-03-05,6775.39990234375
2014-03-06,6788.5
2014-03-07,6712.7001953125
2014-03-10,6689.5
2014-03-11,6685.5
2014-03-12,6620.89990234375
2014-03-13,6553.7998046875
2014-03-14,6527.89990234375
2014-03-17,6568.39990234375
2014-03-18,6605.2998046875
2014-03-19,6573.10009765625
2014-03-20,6542.39990234375
2014-03-21,6557.2001953125
2014-03-24,6520.39990234375
2014-03-25,6604.89990234375
2014-03-26,6605.2998046875
2014-03-27,6588.2998046875
2014-03-28,6615.60009765625
2014-03-31,6598.39990234375
2014-04-01,6652.60009765625
2014-04-02,6659
2014-04-03,6649.10009765625
2014-04-04,6695.60009765625
2014-04-07,6622.7998046875
2014-04-08,6590.7001953125
2014-04-09,6635.60009765625
2014-04-10,6642
2014-04-11,6561.7001953125
2014-04-14,6583.7998046875
2014-04-15,6541.60009765625
2014-04-16,6584.2001953125
2014-04-17,6625.2998046875
2014-04-22,6681.7998046875
2014-04-23,6674.7001953125
2014-04-24,6703
2014-04-25,6685.7001953125
2014-04-28,6700.2001953125
2014-04-29,6769.89990234375
2014-04-30,6780
2014-05-01,6808.89990234375
2014-05-02,6822.39990234375
2014-05-06,6798.60009765625
2014-05-07,6796.39990234375
2014-05-08,6839.2998046875
2014-05-09,6814.60009765625
2014-05-12,6851.7998046875
2014-05-13,6873.10009765625
2014-05-14,6878.5
2014-05-15,6840.89990234375
2014-05-16,6855.7998046875
2014-05-19,6844.60009765625
2014-05-20,6802
2014-05-21,6821
2014-05-22,6820.60009765625
2014-05-23,6815.7998046875
2014-05-27,6844.89990234375
2014-05-28,6851.2001953125
2014-05-29,6871.2998046875
2014-05-30,6844.5
2014-06-02,6864.10009765625
2014-06-03,6836.2998046875
2014-06-04,6818.60009765625
2014-06-05,6813.5
2014-06-06,6858.2001953125
2014-06-09,6875
2014-06-10,6873.60009765625
2014-06-11,6838.89990234375
2014-06-12,6843.10009765625
2014-06-13,6777.89990234375
2014-06-16,6754.60009765625
2014-06-17,6766.7998046875
2014-06-18,6778.60009765625
2014-06-19,6808.10009765625
2014-06-20,6825.2001953125
2014-06-23,6800.60009765625
2014-06-24,6787.10009765625
2014-06-25,6733.60009765625
2014-06-26,6735.10009765625
2014-06-27,6757.7998046875
2014-06-30,6743.89990234375
2014-07-01,6802.89990234375
2014-07-02,6816.39990234375
2014-07-03,6865.2001953125
2014-07-04,6866.10009765625
2014-07-07,6823.5
2014-07-08,6738.5
2014-07-09,6718
2014-07-10,6672.39990234375
2014-07-11,6690.2001953125
2014-07-14,6746.10009765625
2014-07-15,6710.5
2014-07-16,6784.7001953125
2014-07-17,6738.2998046875
2014-07-18,6749.5
2014-07-21,6728.39990234375
2014-07-22,6795.2998046875
2014-07-23,6798.2001953125
2014-07-24,6821.5
2014-07-25,6791.60009765625
2014-07-28,6788.10009765625
2014-07-29,6807.7998046875
2014-07-30,6773.39990234375
2014-07-31,6730.10009765625
2014-08-01,6679.2001953125
2014-08-04,6677.5
2014-08-05,6682.5
2014-08-06,6636.2001953125
2014-08-07,6597.39990234375
2014-08-08,6567.39990234375
2014-08-11,6632.7998046875
2014-08-12,6632.39990234375
2014-08-13,6656.7001953125
2014-08-14,6685.2998046875
2014-08-15,6689.10009765625
2014-08-18,6741.2998046875
2014-08-19,6779.2998046875
2014-08-20,6755.5
2014-08-21,6777.7001953125
2014-08-22,6775.2998046875
2014-08-26,6822.7998046875
2014-08-27,6830.7001953125
2014-08-28,6805.7998046875
2014-08-29,6819.7998046875
2014-09-01,6825.2998046875
2014-09-02,6829.2001953125
2014-09-03,6873.60009765625
2014-09-04,6878
2014-09-05,6855.10009765625
2014-09-08,6834.7998046875
2014-09-09,6829
2014-09-10,6830.10009765625
2014-09-11,6799.60009765625
2014-09-12,6807
2014-09-15,6804.2001953125
2014-09-16,6792.2001953125
2014-09-17,6780.89990234375
2014-09-18,6819.2998046875
2014-09-19,6837.89990234375
2014-09-22,6773.60009765625
2014-09-23,6676.10009765625
2014-09-24,6706.2998046875
2014-09-25,6639.7001953125
2014-09-26,6649.39990234375
2014-09-29,6646.60009765625
2014-09-30,6622.7001953125
2014-10-01,6557.5
2014-10-02,6446.39990234375
2014-10-03,6527.89990234375
2014-10-06,6563.7001953125
2014-10-07,6495.60009765625
2014-10-08,6482.2001953125
2014-10-09,6431.89990234375
2014-10-10,6340
2014-10-13,6366.2001953125
2014-10-14,6392.7001953125
2014-10-15,6211.60009765625
2014-10-16,6195.89990234375
2014-10-17,6310.2998046875
2014-10-20,6267.10009765625
2014-10-21,6372.2998046875
2014-10-22,6399.7001953125
2014-10-23,6419.2001953125
2014-10-24,6388.7001953125
2014-10-27,6363.5
2014-10-28,6402.2001953125
2014-10-29,6453.89990234375
2014-10-30,6463.60009765625
2014-10-31,6546.5
2014-11-03,6488
2014-11-04,6454
2014-11-05,6539.10009765625
2014-11-06,6551.2001953125
2014-11-07,6567.2001953125
2014-11-10,6611.2998046875
2014-11-11,6627.39990234375
2014-11-12,6611
2014-11-13,6635.5
2014-11-14,6654.39990234375
2014-11-17,6672
2014-11-18,6709.10009765625
2014-11-19,6696.60009765625
2014-11-20,6678.89990234375
2014-11-21,6750.7998046875
2014-11-24,6729.7998046875
2014-11-25,6731.10009765625
2014-11-26,6729.2001953125
2014-11-27,6723.39990234375
2014-11-28,6722.60009765625
2014-12-01,6656.39990234375
2014-12-02,6742.10009765625
2014-12-03,6716.60009765625
2014-12-04,6679.39990234375
2014-12-05,6742.7998046875
2014-12-08,6672.2001953125
2014-12-09,6529.5
2014-12-10,6500
2014-12-11,6461.7001953125
2014-12-12,6300.60009765625
2014-12-15,6182.7001953125
2014-12-16,6331.7998046875
2014-12-17,6336.5
2014-12-18,6466
2014-12-19,6545.2998046875
2014-12-22,6576.7001953125
2014-12-23,6598.2001953125
2014-12-24,6609.89990234375
2014-12-29,6633.5
2014-12-30,6547
2014-12-31,6566.10009765625
